<?xml version="1.0" encoding="UTF-8"?>
<document type="com.apple.InterfaceBuilder3.CocoaTouch.Storyboard.XIB" version="3.0" toolsVersion="21507" targetRuntime="iOS.CocoaTouch" propertyAccessControl="none" useAutolayout="YES" useTraitCollections="YES" useSafeAreas="YES" colorMatched="YES" initialViewController="uO9-Xe-muH">
    <device id="retina6_12" orientation="portrait" appearance="light"/>
    <dependencies>
        <plugIn identifier="com.apple.InterfaceBuilder.IBCocoaTouchPlugin" version="21505"/>
        <capability name="Safe area layout guides" minToolsVersion="9.0"/>
        <capability name="System colors in document resources" minToolsVersion="11.0"/>
        <capability name="documents saved in the Xcode 8 format" minToolsVersion="8.0"/>
    </dependencies>
    <scenes>
        <!--Website-->
        <scene sceneID="x3I-MG-hgQ">
            <objects>
                <viewController title="Website" id="IWW-6e-yse" customClass="WebViewController" customModule="MyTabBarApp_Lab7" sceneMemberID="viewController">
                    <view key="view" contentMode="scaleToFill" id="DkJ-ES-l4O">
                        <rect key="frame" x="0.0" y="0.0" width="393" height="852"/>
                        <autoresizingMask key="autoresizingMask" widthSizable="YES" heightSizable="YES"/>
                        <subviews>
                            <wkWebView contentMode="scaleToFill" translatesAutoresizingMaskIntoConstraints="NO" id="Vxx-8e-obz">
                                <rect key="frame" x="16" y="59" width="361" height="710"/>
                                <color key="backgroundColor" red="0.36078431370000003" green="0.38823529410000002" blue="0.4039215686" alpha="1" colorSpace="custom" customColorSpace="sRGB"/>
                                <wkWebViewConfiguration key="configuration">
                                    <audiovisualMediaTypes key="mediaTypesRequiringUserActionForPlayback" none="YES"/>
                                    <wkPreferences key="preferences"/>
                                </wkWebViewConfiguration>
                            </wkWebView>
                        </subviews>
                        <viewLayoutGuide key="safeArea" id="UbW-oC-WJs"/>
                        <color key="backgroundColor" systemColor="systemBackgroundColor"/>
                        <constraints>
                            <constraint firstItem="Vxx-8e-obz" firstAttribute="top" secondItem="DkJ-ES-l4O" secondAttribute="topMargin" id="1M9-R3-ugI"/>
                            <constraint firstAttribute="trailingMargin" secondItem="Vxx-8e-obz" secondAttribute="trailing" id="CVF-Uq-q2I"/>
                            <constraint firstAttribute="bottomMargin" secondItem="Vxx-8e-obz" secondAttribute="bottom" id="J2Q-xl-nOj"/>
                            <constraint firstItem="Vxx-8e-obz" firstAttribute="leading" secondItem="DkJ-ES-l4O" secondAttribute="leadingMargin" id="slP-Em-34t"/>
                        </constraints>
                    </view>
                    <tabBarItem key="tabBarItem" title="Item 2" id="raa-Rf-MKo"/>
                    <connections>
                        <outlet property="webView" destination="Vxx-8e-obz" id="NYx-vq-MZr"/>
                    </connections>
                </viewController>
                <placeholder placeholderIdentifier="IBFirstResponder" id="27u-GF-MnM" userLabel="First Responder" customClass="UIResponder" sceneMemberID="firstResponder"/>
            </objects>
            <point key="canvasLocation" x="-196.18320610687022" y="-41.549295774647888"/>
        </scene>
        <!--Game-->
        <scene sceneID="Fgd-oX-Jo5">
            <objects>
                <viewController storyboardIdentifier="GameViewController" title="Game" id="l0p-Sd-akg" customClass="GameViewController" customModule="MyTabBarApp_Lab7" sceneMemberID="viewController">
                    <skView key="view" contentMode="scaleToFill" id="apZ-LE-WUu">
                        <rect key="frame" x="0.0" y="0.0" width="393" height="852"/>
                        <autoresizingMask key="autoresizingMask" flexibleMaxX="YES" flexibleMaxY="YES"/>
                    </skView>
                    <tabBarItem key="tabBarItem" title="Item 1" id="XZN-EP-nPl"/>
                </viewController>
                <placeholder placeholderIdentifier="IBFirstResponder" id="b93-lc-Uvt" userLabel="First Responder" customClass="UIResponder" sceneMemberID="firstResponder"/>
            </objects>
            <point key="canvasLocation" x="668" y="-41"/>
        </scene>
        <!--Tab Bar Controller-->
        <scene sceneID="Wdb-bP-82P">
            <objects>
                <tabBarController id="uO9-Xe-muH" sceneMemberID="viewController">
                    <tabBar key="tabBar" contentMode="scaleToFill" insetsLayoutMarginsFromSafeArea="NO" id="9Yt-jW-swG">
                        <rect key="frame" x="0.0" y="0.0" width="393" height="49"/>
                        <autoresizingMask key="autoresizingMask"/>
                        <color key="backgroundColor" white="0.0" alpha="0.0" colorSpace="custom" customColorSpace="genericGamma22GrayColorSpace"/>
                    </tabBar>
                    <connections>
                        <segue destination="l0p-Sd-akg" kind="relationship" relationship="viewControllers" id="aQC-IT-Fjz"/>
                        <segue destination="IWW-6e-yse" kind="relationship" relationship="viewControllers" id="yd0-4f-kGS"/>
                    </connections>
                </tabBarController>
                <placeholder placeholderIdentifier="IBFirstResponder" id="pQo-el-yCU" userLabel="First Responder" customClass="UIResponder" sceneMemberID="firstResponder"/>
            </objects>
            <point key="canvasLocation" x="668" y="-41"/>
        </scene>
    </scenes>
    <resources>
        <systemColor name="systemBackgroundColor">
            <color white="1" alpha="1" colorSpace="custom" customColorSpace="genericGamma22GrayColorSpace"/>
        </systemColor>
    </resources>
</document>
