ratingId,rating
422,2.4
66483,2.7
41129,4.9
63138,1.3
33836,4.15
80453,1.2
64527,2.2
20162,4.75
49708,4.95
33540,4.5
5074,2.1
23481,0
38852,1.4
30816,4.95
18278,4.25
42119,3.1
62809,3.8
23380,0.25
28610,1.25
72414,2.2
22936,3.9
34621,1.75
4541,0.4
17836,1.6
82863,1.75
10188,3.85
81689,2.65
41184,2.7
47100,3.55
20528,4.3
52822,2.2
22650,4.65
83847,3.85
33388,0.4
23320,2.15
9350,4.8
60496,3.5
24306,0.5
14028,4.05
37415,4.8
43922,4.55
60372,0
51102,2.6
38771,4.85
79762,1.55
23330,4.6
47329,2.8
15173,2.1
56689,3.65
76164,0.5
69082,2
22962,2.3
65033,1.75
69742,1.4
24882,2.45
51752,1.7
84663,2.15
18065,3.45
80724,2.05
61699,4.55
72310,3.9
21840,3.1
29552,3.55
62769,4.85
63056,1.95
65240,1
39564,4.65
56582,2.95
40011,4.65
13381,2.1
27902,5
68038,0.9
33417,1.85
13603,3.05
72299,4.65
32389,4.8
74509,0.9
66662,1
26460,1.8
40466,2.6
6728,4.55
14616,0.95
63879,2.6
17460,1.35
29443,2.75
73593,3.65
70646,0.4
46223,0.15
9640,0.95
76335,2.65
53953,1.05
63200,0.9
76587,4.6
9845,0.2
4201,1
76893,4.65
3741,3.15
41442,0.85
6644,2.3
61019,3.1
18403,3.3
28762,2.65
81905,1.15
24235,3.1
36412,1.05
36437,3.5
49455,0.95
14111,1.65
69223,4.05
12372,1.7
73375,2.35
82053,0.75
51260,1.65
2983,2.15
83191,2.55
13135,4.5
16596,3.2
42551,3.9
11738,2.2
85130,2.4
56276,4.85
60634,4.15
30649,2.05
33280,0
49219,4.05
17782,3.05
21563,1.3
21239,4.3
36856,1.95
7636,3.8
46111,0.7
28380,2.65
47146,0
36963,4.75
42513,4.45
71089,0.6
80199,2.9
76054,3.6
5693,2.8
19278,2.05
72493,3.95
76866,0.7
48068,2.15
67251,4.05
13387,2.85
18424,1.75
56789,2.9
50829,2.5
10511,4.85
3154,2.75
2454,2.45
67899,3.8
20685,3.7
42368,4.95
26376,0.6
70228,4.25
15574,4.45
49123,4.65
53708,0.35
32927,3.2
42596,2.05
5125,2.1
17917,0.35
78281,2.9
63736,3.5
69759,4.6
22065,2.4
52956,1.35
74428,3.9
18142,4.95
83565,1.15
31506,1.35
57675,3.1
72127,0.05
53698,4.25
39376,3.7
30005,5
52779,2.9
52756,2.05
28997,2.7
30331,0.7
68879,3.5
34356,0.15
56556,4.4
43926,0.2
9033,2.8
42403,0.5
15210,0.15
58669,0.65
83357,2.4
10944,2.5
27010,3.55
34716,4.15
79306,1.05
15385,1.65
37971,4
29224,0.7
1045,1.05
27251,0.1
31305,3.55
63111,2.6
49845,1.15
67791,4.6
76270,1.15
7110,0.8
42919,4.85
36136,0.3
30586,0.35
12171,4.95
58953,0.85
54332,1.65
45891,1.85
84163,2.5
67254,4
84649,0.8
19356,2.05
38946,1
36528,1.95
1050,4.55
32999,3.5
78649,1.25
47051,3.15
62961,2.1
28437,0.55
18748,3.45
13337,0.6
23464,2.2
60557,0.2
35123,4.65
11419,0.6
23635,3.75
16869,1.45
37365,1.45
58770,1.45
73738,2.5
49752,4
49745,0.7
44342,4.5
27510,1.4
32107,3.65
23966,2
60156,4.2
57870,4.65
53147,1.05
18152,4.85
56750,4.45
55733,0.75
7863,0.35
58050,0.75
72228,1.25
60105,0.7
43182,0.15
16262,1.45
16124,3.45
55672,3.1
62042,3
43837,4.6
14031,4.55
45254,1.7
45256,1.8
39207,3.75
14154,1.9
23318,0.3
83177,2.35
12964,3.9
15635,0.8
46816,2.8
32656,1.75
48025,2.1
28535,2.2
64473,1.85
21476,3.3
4026,0.2
24438,3.5
26446,1.95
37762,3.05
24481,3.5
57922,4.45
9369,0.9
69173,3.7
72961,3
13147,4.75
78879,1.95
6730,3.6
68678,0.55
17717,0.25
54869,2.65
52967,0.45
38765,1.1
81201,1.4
41498,0.05
42805,3.95
26646,3.8
10960,3
33415,1.15
18254,1.55
64069,4.5
45305,0.7
66351,1.45
73246,4.9
67289,5
41624,0.6
77571,3
22239,0.05
79216,0.75
25099,4.6
45633,1.7
52962,4.35
78540,3.45
74760,2.35
35536,4.4
57032,3.1
61816,0.1
15688,2.75
25708,3.8
21112,3.4
10954,0.65
321,1.1
75741,3.45
59794,0.15
17281,4.4
16975,5
64821,4.55
81180,3.95
30210,0.35
24979,1.5
73267,1.25
65219,3.55
56476,3.75
71499,4
73731,2.35
30746,3.95
24469,0.65
32811,1.8
15772,0.35
51869,4.05
25236,4.3
81353,0.25
2314,3.1
36860,1.8
77758,0.95
1139,3.25
3162,4.85
38308,2.45
69997,2.6
18261,0.5
38049,1.5
30102,4.6
52398,2.85
26279,3.25
61353,2.75
69880,1.05
5427,4.5
6961,1.45
79332,2.9
9392,5
77276,1.75
16141,0.3
34284,2.8
7035,4.25
3365,2.25
20556,0.85
48753,2.5
29278,3.65
69430,1.35
61440,1.55
63870,0.2
1054,2
46663,0.4
29706,0
37832,3.75
34988,4.65
67408,3.6
24063,3.8
84095,2.6
82420,3.95
29931,2.15
22569,2.75
69626,2.7
57894,3.35
57058,0.05
42466,3.85
57681,2.4
63005,1.6
29003,0.35
61732,0.8
69638,3
74669,2.5
36829,4.9
58633,4.4
82080,1.35
45954,1.8
77575,0.7
48795,3.3
26341,4.15
38268,4.25
20965,3.45
23079,3.55
12473,1.45
19027,1.25
65349,4.05
31669,1
73514,2.45
16572,0.45
52509,1.65
69738,2.6
44641,1.4
34830,3.65
2179,3.65
21221,2.4
82605,1.35
26688,4.6
252,3.05
47821,4.4
27258,0.65
78810,3.05
50104,3.25
12708,1.35
24268,3.65
35377,4.35
41725,4.05
13894,1.4
18540,2.6
41076,0.05
3696,1.8
65015,0.7
47302,0.65
80321,1.7
3962,1.05
30016,0.55
39483,2.5
44738,4.7
33024,2.25
67915,0
8033,4.1
74546,1.15
32750,0.35
5436,3.8
52905,3.5
49218,3.55
30063,2.6
19682,1.5
73683,2.5
54677,4.95
54945,4.3
13627,2.2
18277,3.8
51212,4.05
75862,1.15
72636,0.95
16711,1.6
82344,0.35
76091,1.45
35924,1.45
51845,4.35
4315,1.2
50493,1.65
28172,4.3
11100,4.25
65474,1.55
33810,0.3
5242,0.35
68457,2.1
24948,0.8
75972,4.05
76554,1.75
55986,3.95
25321,3.25
43187,1.9
51828,0.65
26910,1.65
21550,1.1
84491,3.85
17732,2.55
79397,1.5
1569,2.25
51593,1.25
53813,4.25
79732,0.55
63185,4.85
27094,1.2
31303,4.7
17296,2.05
54403,4.2
42949,3.8
37333,3.95
35127,4.25
27316,3.6
29867,1.2
48029,3.55
17716,1.55
42960,1
56215,3.65
56485,1.6
11860,0.9
54102,2.65
40538,0.7
84478,0.25
47080,2.65
5653,1.4
49777,1.8
28918,0.45
54264,3.35
67935,2.9
37262,1.95
9352,2.05
47411,1.45
29352,0.85
54537,3.75
1646,3.65
73110,3.25
46909,3.75
576,4.45
43734,4.95
28850,3.3
64296,2.75
47397,3
75526,1.5
39380,0.9
19296,4.25
5174,3.1
71223,1.45
51291,1.45
27759,0.9
78247,0.1
77888,0.85
84483,4.2
64794,1.9
57214,0.8
81726,4.2
56926,0.3
45542,3.1
9208,2.9
59792,2.75
35135,1.35
76344,3.2
59437,4.75
24951,3.7
26944,1.95
68813,4.55
1588,4.6
66238,4.4
33820,1.85
24987,2.85
7505,2.2
73764,1.2
72646,0
33045,3.75
28089,4.1
14472,1.55
17704,3.65
19892,2.9
35588,0.75
60507,1.8
46043,1.45
43829,2.45
69749,4.3
26721,3.1
71196,1.35
51053,3.65
64413,1.55
52347,1.75
10437,4.6
29595,1.9
56930,4.95
20916,3.7
49636,0.85
80033,0.85
43452,3
29855,0.1
63271,3.7
2022,4
20355,1.1
78995,4.65
1169,1.95
153,2.45
56547,4.6
18931,4.2
12816,3.9
32884,2.5
10143,2.45
10428,0.25
28599,2.7
64643,3.45
54997,4.15
62549,1.65
67727,2.4
32025,3.9
27335,3.65
52263,0.4
69879,0.4
52129,2.1
13514,1.45
61723,3
27933,0
56707,4.05
52314,1.15
2840,2.7
71289,1.5
64695,0
40807,4.35
35572,3.05
20522,2.2
54348,0.05
9137,3.7
57774,0.1
17663,2.7
83987,2.35
14537,4.15
66921,3.2
67243,1.5
2085,2.25
68901,3.9
48459,0.8
44688,2.2
73413,4.6
33458,0.05
26180,3.75
4403,2.7
27129,4.25
52403,0.35
49582,1.55
64948,2.9
80416,1.2
50294,1.25
11672,3.2
35052,0.7
35102,1.75
81098,4.7
69499,4.8
82349,1.6
15446,5
20931,2.05
45343,3.05
20730,0.2
11778,0.9
36384,0.1
76761,2.15
65832,3.85
3981,1.4
58292,0.45
15061,4.75
84907,1.05
40197,2.45
56881,3.45
70956,4.4
71590,1.85
22912,2.2
23314,1.65
43581,1.95
55167,1.85
65369,3.95
49728,4.15
69537,1.75
33129,2
9277,4.55
6079,0.05
40503,0.1
63171,3.3
55521,2.2
66960,2.1
42253,2.05
55337,1.05
8838,0.75
29557,2.85
66799,0.95
53576,3.55
54929,4.45
18677,2.25
67871,0.55
38866,1.5
60080,1.3
24160,1.85
14532,2.8
30239,4.55
15260,0.6
7774,0.9
12632,1.4
28077,1
28968,1.6
8936,0.5
8051,2.4
68814,0.85
18139,2.55
25020,0.45
74588,3.7
52471,2.75
17099,3.45
66499,2.2
72206,2.6
25193,4.9
25969,4.25
43093,3.95
8718,4.85
43291,1.15
38078,0.6
21832,1.75
81178,2.45
71502,0.05
46506,1.85
25054,2.8
64903,1.45
33670,1.45
30780,0.4
67180,4.9
3249,0.05
23895,3.05
6057,1.5
52022,0.15
76906,3.55
48305,4.95
77465,3.35
530,1.7
83252,0.9
76238,3.6
55748,1.9
78515,2.2
7732,2.2
9615,0.7
71276,4.95
33711,2.1
16566,1.3
16428,1.15
38806,3.15
36386,3.05
1047,3.45
38132,1.7
46627,3.65
82288,0.85
63032,4.45
72668,3.6
19309,2.3
14405,1.45
35378,2.7
1126,0
73778,2.05
56662,4.95
50289,3.1
67943,3.1
70113,3.7
33696,1
8367,1.95
25765,4.45
69960,2.4
79608,1.85
60738,2.85
55835,0.7
39457,0.8
47967,4.7
41930,3.15
72138,0.7
14697,2
33753,3.7
84567,4.7
72564,4.2
35897,1.85
24366,1.45
63826,3.9
77237,0.6
40470,0
64014,1.85
16573,3.3
63488,3.85
39919,4.35
53201,0.85
8412,0.55
84150,4.9
56562,0.65
59560,2.95
48503,4.3
84081,3.45
11035,2.65
48552,3.6
75416,2.1
981,1
29341,3.15
8847,4.55
83245,2.55
2456,4.9
70206,4
69217,0.25
5836,1.65
20715,4.1
28698,0.85
1432,0
75128,3.25
32155,1.25
14151,0
50576,4.5
62206,3.5
18807,4.5
53148,0.75
10955,0.15
28770,2.55
28195,3.95
83111,3.85
55150,0.25
58817,0.7
43951,4.95
15463,3.75
75674,2.55
10611,3.45
52740,0.5
35066,0.6
40994,1.55
13406,2.35
43431,4.3
2833,2.1
3361,1.4
43513,3.3
26530,2.15
82752,1.9
14037,0.2
9427,0.9
20894,3.65
62228,4.2
66820,1.45
29935,3.8
57235,4.65
75156,1.85
4169,3.7
31569,1.95
25073,3.5
47462,4.75
37799,4.55
8978,4.65
68215,3.4
41021,4.5
82333,0.35
61775,2.9
82410,0.1
28241,4.5
72508,3
6713,2.45
24563,4.5
29593,1.25
58486,4
22660,1.05
19037,2.3
1881,4.15
21592,3.05
37398,1.25
10377,0.6
57743,0.05
63346,3.95
13083,2.15
53653,0.65
25119,2.2
70181,4.95
23496,2.1
49501,5
4497,1.3
43577,3.85
12682,1.05
80864,0.1
68159,4.4
52713,4.45
49108,5
65662,0.6
63470,4.15
56481,2.85
13942,2.75
79923,2.4
78631,2.75
65166,4.5
46286,0.1
10041,2.25
59333,0.3
28361,4.55
49659,5
36288,1.1
18800,0.75
62238,3.2
11931,4.55
54799,2.4
15843,1.9
83948,2
61026,4.85
13599,1.5
35949,2.35
72560,2.85
84960,1
206,3.85
24785,4.05
38050,3.5
16138,2.2
47817,3.8
3404,0.1
75243,3.35
70073,1.8
5656,3.5
2823,2.4
71770,1.35
20651,2
40723,1
44971,4.9
58260,2.25
53596,1.1
38987,1
744,3.2
48257,0.3
40653,1.4
6596,1.25
39936,4.55
20938,4.95
44207,0.15
28679,2.35
10228,1.95
74095,4.1
77452,0.9
60679,0
26096,3.55
73904,2.35
5080,3.9
65054,3.25
50983,0.25
1484,3.1
42332,2.55
15360,0.95
12931,4.9
7453,0.25
14619,1.7
58934,1.55
30991,2.7
72955,1.2
4303,4.35
45184,4.45
75398,4.4
4122,3.7
46050,4.4
79557,1.85
24077,2.15
51971,0.1
39335,0.5
58031,4.4
45980,4.8
10607,3.55
82086,4.45
12615,4.6
6178,2.1
78945,3.95
46833,1.45
74597,2.8
62320,4
36557,4.65
36144,3.45
67221,2.35
32848,1.25
29578,3.2
73562,2
71820,0.6
5658,1.8
14300,4.3
34804,2.85
84053,2.5
24708,2.4
79853,2.5
73801,0.1
79550,0
42764,4.15
32345,2.2
46476,2.3
45832,1.65
2746,3.35
42392,1.15
46092,0.6
58344,4.15
43540,2
45154,3.4
68837,1.1
51855,1.2
8452,2.4
69594,2.5
58329,4.5
12670,4.05
81626,4
37137,3.35
67500,4.15
803,4.05
82138,1.3
57534,0.05
24120,4.35
58114,3.95
72086,4.35
62545,4.25
81190,3.7
78833,4.4
44392,4.4
58689,0.75
52204,0.4
48882,3.1
79108,1.7
28941,4.05
6303,1.25
54867,1.85
47762,2.85
79627,1.45
32293,2.8
75981,4.35
23647,4.65
71741,4.85
55708,3.65
5240,4.05
6838,4.15
78548,4.4
70360,4.45
17762,3.25
883,4
59098,4.3
33572,2.2
9086,3.55
10462,2.85
40681,0.1
56072,3.35
78415,3.4
51471,4
73175,4
29014,1.1
11062,0.6
52152,1.35
35230,3.55
7604,4.1
57439,3.7
11910,3.6
5482,4.75
66768,4.95
50262,4.8
59842,0.45
25124,0.7
17796,0.55
40195,3.5
15939,2.1
16330,4.55
81445,4.4
43194,3.6
83659,1.35
3761,4.65
49857,2.65
447,4.25
64034,3.95
45657,1.75
27054,3.95
81962,1.4
71678,2.15
25939,2.4
61772,4.2
78143,1.35
82141,0.35
39138,2.35
84789,1.2
50492,0.2
25549,4.55
83880,4.65
82941,2.9
17228,0.75
9156,0.15
26954,1.95
41324,0.65
10884,2.3
67193,4.85
41643,1.95
16468,4
8537,1.3
30020,0.3
2222,1.9
64031,1.15
39548,2.3
64838,2.9
39135,4.55
13729,0.75
49325,1.05
71269,3.25
58967,3.15
1697,1.1
62498,2.55
52560,1.7
8872,1.1
24029,2.8
14203,1.1
20501,4.7
65976,1.85
17115,0.5
29404,0.4
15280,1.45
11854,1.9
68571,0.45
50393,3.3
32988,0.1
23542,2.55
72821,1.65
60242,4.8
42747,4.85
65528,3.8
5805,1.25
84873,1.35
48903,0.55
20201,0.2
77430,2.05
36100,0.1
12612,2.8
13787,0.35
25556,3.45
75642,1.7
64154,2.85
31661,2.85
70542,4.6
59542,2.2
54060,0.4
49952,1.6
5439,1.6
60502,1.55
14261,3.2
42946,2.65
73589,2.1
15234,4.25
34249,3.75
31826,3.45
25910,0.9
21149,0.75
81168,4.35
24730,0.2
29864,4.75
84383,4.95
36751,3.55
82686,2.1
72199,0.95
65691,4.1
42058,1.5
57884,3.7
910,4.2
29353,0.25
34387,2.5
53741,1.85
77682,1.65
44720,2.55
54613,4.1
6279,0.3
11867,4.1
77965,0.45
16123,3.65
6931,2.1
29182,0.15
80819,4.15
35929,2.6
49889,3.7
53840,0.05
80389,4.4
64334,3.75
69595,0.7
71829,1.85
65490,1.15
78985,3.7
43075,4.7
34959,3.25
66248,4
2168,2.15
67325,2.45
9776,1.45
56131,3.15
75476,3.85
32719,4.1
18385,1.8
45167,0.45
36835,4.35
75619,2.75
52880,0.75
32701,1.65
17369,1.2
56831,2.8
36143,5
32996,3.6
53982,4
38423,4.05
23987,0.9
72776,0.9
2955,3.2
5697,3.75
22058,1.5
69466,0.3
34226,0.7
71373,4.25
2135,1.15
37150,2.55
71195,3.45
26605,4.7
42099,1.35
74296,2.45
7038,2.25
73383,2.5
47496,0.5
81824,4.9
84463,2.1
64656,1.25
53976,1.55
25810,3.75
18833,1.7
31763,3.7
46052,2.7
71983,2.05
31446,2
22055,2.9
4569,0.75
6591,4.7
74286,0.9
57707,3.75
79623,3.15
27423,2
65023,1.7
32545,1.3
66016,2.2
48842,0.95
73617,4.6
6756,2.2
39026,4.65
30571,1.1
27652,4.3
27015,4.15
10493,4.5
51226,4.15
34862,1.5
83184,1.05
73635,2
74632,0.8
6490,1.6
18583,4.1
39327,4
47009,1.25
52444,2.3
37321,2.25
16642,0.85
28769,1.15
81583,2.55
22373,4.5
37344,1.6
15375,0.85
82178,0.55
30199,0.05
24689,1.05
43355,0.9
3504,3.3
67460,0.45
7620,1.2
7179,4.15
52025,4.55
26484,0.6
67111,4.7
32895,0.95
25161,4.35
64146,1
46567,3.5
54813,0.05
21064,2.25
65616,1.5
57720,0.7
73810,1.3
4849,0.25
31571,3.3
14387,4.1
13919,0.85
30570,5
8490,1.75
37290,0.35
61982,1.95
20233,0.4
22500,2.8
47838,1.4
60894,4.7
35023,0.7
11369,1.7
85151,2.6
63627,1.65
83930,1.45
43480,1.1
79257,4.25
58879,2.35
27681,2.2
15717,1.2
68693,0.35
80072,2.25
34048,2.1
79586,3.2
52326,4.9
19399,4.55
49114,2.7
22642,2.9
22801,3.75
68073,2.15
79748,1.8
29738,0.4
3253,4.25
47657,4.3
51117,4.7
54585,0.75
1007,3
229,5
5272,0.35
72676,1.05
67642,0.55
10053,3
45097,3.85
66084,1.7
5612,0.35
79596,4.35
34276,3.9
77825,0.3
1161,2.85
41739,0.7
81575,2.05
41583,0.5
53178,4.6
18902,2.35
40190,1.6
30730,1.7
42820,0.15
9918,1.4
31240,3.8
33382,1.3
5577,1.5
33819,2.2
61371,3.15
55259,2.45
39890,2.5
12137,4.95
47057,1.6
85039,0.65
30475,3.5
25966,4.4
42263,4.85
58735,4.05
70656,3.6
47887,1.9
25442,1.2
15310,0.8
67481,3.1
23103,0.6
28109,4.55
15858,2.9
20519,0.8
24149,0.65
20232,0.2
6417,2.55
31459,0.7
35318,2.7
553,1.85
67816,3.65
63391,4.25
3973,3.45
33981,1.65
64418,4.55
53373,1.9
20193,0.6
23325,1.35
51782,2.9
41484,4.15
85185,3.8
76981,4.45
14573,1.65
1189,0.9
58729,1.25
39453,2.9
11916,3.4
1830,4.25
17864,4.6
70750,2.9
44669,3.25
26097,1.75
697,4.9
74053,1.35
28369,5
58013,3.85
45389,2.25
30071,0.05
69944,1.2
53993,2.15
34976,2.1
20860,2.5
13405,1.85
22017,3.2
50982,1.75
25700,1.4
38144,0.9
71812,2.3
58801,3.7
84432,1.9
50000,0.6
63727,1.05
49024,0.3
2780,4.05
520,0.6
38637,3.3
40473,1.4
78921,1.15
26454,3.7
40568,4.65
3379,2.3
58460,2.25
59255,3.5
75979,1.65
84277,2.75
68735,0.25
10765,3.45
65724,3.75
70433,2.85
71263,4.85
58245,2
32970,3.5
2439,4.95
49083,2.35
83721,4.65
44648,0.85
76469,1.4
51275,3.2
40985,1.6
11729,1.5
69841,2.15
55451,1.75
1431,3.65
55248,2.25
41231,4.95
41313,1.2
33895,4.2
78793,1.65
16682,2.65
48817,1.65
8172,2
51147,1.95
47503,4.05
39468,5
4166,4.95
73618,3.25
77714,3.2
80868,2.5
49402,2.7
10448,2.8
2597,3.7
71489,4.05
65803,3.6
82332,0.4
78232,1.05
43108,0.95
27062,4.7
50958,3.9
68902,4.85
55030,2.6
42706,5
31111,4.7
71298,4.2
34707,1.1
17938,4.85
79644,0.5
65242,0.7
77067,2.1
44226,2.3
25894,0
18035,0.75
52166,4.9
83666,0
76070,0.4
42535,1.15
25023,1.8
40024,1.05
24904,0
16422,3.8
51983,5
28038,3.6
24076,3.35
81343,1.15
33065,4.35
26672,4.75
5505,1
9770,4.3
38941,2.1
20842,0.7
10104,2.95
66375,1.55
39586,3
83542,2
4095,2.65
82221,1.7
17853,3.65
80497,2.7
18713,3
49484,2.05
42637,4
45467,3.75
41063,2.55
34355,2.55
67371,4.15
41064,5
1193,4.75
36760,0.95
41851,4.1
71960,4.55
40814,1.75
48892,0.55
46274,4.65
31245,1.25
79180,4.75
81603,3.05
50163,1.8
44419,0.25
34207,4.6
8533,1.1
42224,0.7
14628,1.7
17376,1.2
37939,2.3
42653,4.05
49287,4.95
13654,2.95
51659,4.1
78240,4.75
55453,0.7
67141,1.55
43893,2.35
80885,0
40776,4.2
52205,0.45
5917,1.7
75119,1.7
50228,4.6
72970,4.35
41866,4.4
16663,2.45
85045,2.35
29195,4.65
85226,1.25
61498,2.7
10858,1.9
79010,4
58960,3.25
3044,4.15
73264,4.7
1516,1.6
14620,4.35
54289,1.7
30896,1.7
22732,0.05
41644,4
30561,0.3
54278,4.6
73979,4.75
77707,4.3
61537,0.05
75493,3.8
44513,2.95
38321,3.1
56383,1.1
16772,3.9
47840,2.5
75962,1.9
60753,3.05
40877,2.5
48627,3.85
4746,2
8103,4.8
59746,0.05
62070,1.05
43215,2.65
70787,3
36036,1.5
42022,1.15
7370,1.75
24763,0.1
30292,2
40529,0.65
35280,3.9
7230,3.25
39004,3.9
64147,2.35
61784,2.25
38997,1.5
74985,4.55
65833,1.9
81120,4.75
35591,3.3
57226,1.8
59996,2.3
43341,4
66217,1.5
55265,0.2
40858,4.1
39773,4.95
82396,0.65
16758,0.15
76568,2.4
54714,0.7
60398,2.45
56462,3.15
36584,1.9
80309,1.75
82762,1.7
44355,1.6
15027,2.3
13267,1.6
4786,4.05
68949,1.7
35743,0.15
28200,0.7
66923,3.35
82979,3.75
25719,2.65
66733,3.2
27686,4.5
13930,1.7
35941,1.8
38322,4.05
27685,2.55
46776,4.45
69925,1.95
14345,3.15
5328,4.95
27260,3.3
6614,2.6
62518,4.6
30453,1.8
17772,0.7
44938,5
75140,0.4
43472,2
24064,3.7
44601,1.3
17904,2.25
11844,2.2
57076,1.6
59009,3.55
35336,0.15
33972,0.2
49539,1.95
19559,1.25
52748,0.55
32965,2.1
63964,0.7
13632,4.15
60441,1.45
59598,4
28079,4.4
50555,3.15
19369,4.15
11051,3.55
62071,4.15
9917,4.6
26882,0.7
53451,2.35
70426,3.55
61543,0.8
11147,1.15
40062,1.4
70364,1.2
38207,1.6
56505,2.05
57722,5
30790,4.3
28716,0.25
16614,0.95
4838,2
24960,3.95
83,0.25
16724,4.85
83358,4.45
77910,2.9
1443,4.6
40649,0.7
19331,4.2
25407,2.1
70367,2.3
68070,3.05
82225,2.6
49130,1.8
57546,0.65
15110,3.45
12217,2.1
73545,0.9
6532,0.65
4388,1.1
84852,1.15
2915,1.3
32378,0.6
74469,1.9
55308,1.3
22326,1
10301,3.1
3583,4
44284,3.9
10933,3.45
52873,1.35
77778,0.5
24117,0.3
32559,4.95
42772,1.05
19547,3.7
9968,2.25
78217,2.95
3210,3.35
31957,3.9
78975,3.2
18134,1.45
24015,1.8
5998,3.9
54153,3.9
25116,2.15
17044,1.15
36674,2.25
65670,3.95
74883,2
23612,1.05
42496,3.95
43205,1.65
82240,2.8
23218,2.6
46184,4.3
76240,0.7
55092,0.6
23336,4.85
36503,2.1
77808,4.45
6400,4
51968,4
9556,2.95
80928,2.7
9658,2.2
11365,1.65
83742,0.35
12195,0.4
18268,4.9
45593,4.85
47174,2
29532,4.6
82679,1.75
21623,0.4
29377,4.5
71178,0.9
63691,4.55
69163,0.2
42921,0.6
69010,3.6
65333,2.7
19109,2.95
36135,1.65
3110,4.3
62408,3.45
25879,4.5
65557,0.9
77245,0.25
78652,4.25
28678,1.25
27538,3.85
29905,0.85
12106,0.6
69209,0.1
10740,3
31832,3.7
27617,0.35
35407,0.2
11610,4.35
17563,0.05
75118,1.7
84866,4.7
74832,1.75
8138,2.75
45952,0
49090,3.8
69948,4.85
2682,2
7744,1.5
15420,0.85
7722,4.55
64019,1.45
3140,2.05
51312,1.15
4751,2.4
45004,1.1
36233,1.8
48382,1.8
47637,3.15
15326,3.75
36227,1.05
35587,0.4
31722,3.05
66566,4.6
7076,1.45
44796,4.5
24021,2.5
68657,0.2
57520,3.95
29777,2.55
79197,2.1
43917,2.9
75796,2.15
77035,1.5
20478,4.1
35004,4.4
18426,3.1
53050,4.2
65401,1.4
20594,0.3
51322,4.35
62980,2.2
4435,1.65
37465,4.7
4847,1.25
7824,3.5
5111,0.75
38154,1.7
67056,2.2
48994,1.2
5670,2.7
34895,3.45
8027,1.85
34518,4.95
77243,1.35
65776,0.3
48645,4
68817,3.9
7923,3.6
70265,1.6
67877,4.25
136,1.5
43054,0.3
44206,1.75
32847,1.4
12658,0.2
48535,4.85
75074,4.1
39761,3.5
74123,3.15
35921,2.9
45712,2.4
51605,1.7
21795,0.7
36481,4.7
4894,1.6
5677,0.75
59540,3.75
13704,2.35
15447,3.1
3060,4.4
47331,1.4
5700,2.75
15488,1.9
9083,4.25
84987,1.85
5985,1.7
40888,4.55
11578,3
23171,2.25
77934,2.8
43233,2.95
63107,4.85
38029,1.6
46123,0.3
44810,3.3
7919,0.25
15699,2.85
25571,0
68567,4.8
7667,4.35
75165,0.55
50635,4.4
407,3.6
40050,0.9
66741,1.8
22497,2.7
67849,3.4
21209,0.55
64812,2.05
3885,4.3
41327,4.95
72963,3.2
42595,3.05
42055,0.45
42077,4.35
62430,2.55
55764,4.35
15350,2.65
20263,1.7
61688,4.25
4235,3
83505,1.3
31054,3.5
41954,1.85
35053,2.2
15919,4.45
33646,0.3
29900,1.9
60538,4.55
73839,2.75
39757,4.95
69935,1.5
85193,1.35
66637,2.65
20037,2.7
48918,3.9
9246,1.95
84302,3.25
73602,3.7
64533,0.45
67742,0.4
3982,3.65
44430,1.9
65713,1.45
2702,3.65
10123,5
75276,4.6
47290,2.7
38945,0.3
2909,4.65
61006,4.2
38505,0.85
75479,4
25231,2.2
22259,4.25
19253,4.6
9952,4.95
44095,1.85
70348,0.15
14529,2.35
83051,3.05
71043,3.45
43964,2.05
43445,3.7
58940,1.45
57917,3.4
11589,0.8
11128,4.45
55692,0.75
7560,2.35
10353,4.45
7161,3.35
22908,0.5
49359,3.5
19819,3.9
79191,2.2
17286,3.45
60202,1.05
68385,1.3
20227,4.4
529,1.8
1028,2.1
6573,5
21543,3.5
41965,0.4
28887,3.45
61768,4.05
15708,0.9
12027,4.25
72155,1.05
15706,4.55
52790,4.05
75482,2.65
38737,2.9
69792,3.85
16440,1.9
26032,4.85
7523,2.5
42814,3.8
22195,0.8
1229,0.95
23095,1.5
23960,1.45
34158,0.3
47013,4.25
77779,0.1
65702,3.1
19855,2.35
43669,2.65
81930,3.45
22136,0.85
65348,4.95
34319,1.85
19107,1.75
51047,2.55
42986,0.8
79899,1.55
78177,3.7
42026,2.25
38968,0.25
21963,3.45
2482,3.4
84700,0.95
2240,3.25
8037,3.15
35427,2.05
54176,1.6
30034,0.9
9319,0.15
48187,5
80238,1.25
53318,3.3
26514,0.5
67710,4.95
19873,2.05
63049,2.6
31910,2.95
10732,3.15
42613,4.2
80688,1.9
39234,2.4
52882,0.1
7782,4.6
32977,2.3
79279,3.85
3715,4
71292,2
60513,1.75
76406,4.5
76297,4.1
81076,0.7
58396,2.8
20921,2.2
38173,2.85
3275,3.1
17829,1.1
62048,4.85
24752,2.3
34223,1.65
21819,4.35
24109,3.8
28102,4.15
54452,2.6
38211,0.4
20630,4.8
81744,1.15
19860,0.7
48543,0.9
81555,4.65
65999,4.4
74026,0.7
11296,0.9
21179,0.9
73648,3.65
10290,2.4
14661,2.95
74974,0.7
34094,0.25
9861,3
17346,2.65
28177,4.55
62606,3.8
4394,3.1
5215,4.3
18588,1.85
6184,1.8
23360,1.5
71377,4.6
74164,0.85
21348,2.05
1545,3.35
6205,4
31764,0.45
5703,3.6
76283,1.2
36389,0.7
18605,0
51031,3.85
17862,4.45
40508,2.8
57800,0.25
26543,1.95
35986,0.25
20777,0.15
36798,4
59364,1.4
35681,3.65
23029,2
7929,4.55
54133,0.1
60340,0.05
23107,4.95
59249,3.75
17259,2.3
81732,3.35
47294,0.05
37217,3.85
66808,2.05
78308,4.1
50948,2.45
51171,0.9
58185,0.7
41505,0.15
57030,4.6
26715,3.75
58131,0.15
14531,0.05
17694,1.1
62185,1.15
56739,1.5
68295,2.2
58150,1.75
3101,2.2
84936,1.6
30434,3.15
44335,1.65
18563,2.95
8949,0.75
65471,3.05
82454,3.25
62927,3.3
3635,4.8
70378,4.35
18329,1.25
49259,3.45
28903,3.25
45452,4.5
7114,0.8
45898,0.95
41615,3.15
37446,0.65
37012,3.2
65797,1.85
33266,0.55
56830,3.55
9261,0.8
26967,4.45
34151,0.5
27075,2.8
40873,3.1
61012,1.6
21876,3.3
57475,3.3
56572,2.75
66936,4.35
15006,0.9
8711,2.6
43161,4.3
3714,4.7
66134,0.5
3334,2.65
35465,3.4
30400,3.5
26873,1.2
2248,1.15
50233,3.85
13084,4.6
79184,1.9
43430,0.7
77532,3.15
4660,3.05
7989,2.05
70940,2.65
68406,1.6
7698,4.05
14222,5
26694,2.8
12422,3.6
22916,4.95
80417,4.05
75502,2
4715,1.8
9042,1.85
53217,1.2
41078,2
60772,1.65
71506,2.55
37514,2.25
41333,1.1
61519,4.25
75076,1.4
31876,0
83892,4.4
4731,2.8
31659,2.3
63,0
75278,2.55
4024,3
80813,3.5
14560,3.95
60824,2.2
2922,3.15
58933,0.55
62251,0.85
44753,4.8
38088,0.95
61101,3.95
43456,1.65
5835,3.8
29953,4.85
11087,2.2
4945,0.9
46690,2.15
68230,3.7
44988,2.3
41255,0
15157,0.8
17282,1.95
32115,4.6
35260,0.2
25486,1.6
73062,0.45
70019,0.25
26049,4.5
13557,0.7
50282,1.85
41513,1.8
36052,1.3
2483,0.55
7686,3.05
61025,3.35
30672,1.15
51588,2.6
34822,0.55
20364,2.25
8888,3
44436,2
28433,4.55
33620,4.05
58176,2.95
13699,4.5
79969,4.05
25475,2.5
81520,0.5
26443,1
13714,4.5
36627,5
23427,2.7
39423,1.85
40631,3.2
59466,1
12386,1.6
34764,1.75
30977,2.05
43190,2.7
32302,2.6
5613,3.25
45582,0.9
61326,2.85
1813,3.9
35544,3.65
36083,2.85
65069,4.75
56978,2.6
52369,3.4
83012,2.9
27122,0.95
84730,3.2
25022,3.1
60135,0.05
31631,3
66440,1.75
45356,4
19429,0.15
58546,3.4
38401,2.3
30853,1.05
77359,0.5
13452,1.1
70223,2.8
65323,0.95
3957,2.95
49500,3.7
73069,3.35
24420,4.05
34218,3.6
30241,3.55
44172,1.9
11507,4.9
15761,3.35
5258,4.35
56889,2.25
33402,1
35729,2.8
23367,2.45
70780,2.5
24338,1.55
15328,1.8
64769,3.45
23461,4.85
18186,3
15088,2.2
55645,1.3
34024,0.75
37516,3.65
26616,4.55
14755,3.15
50703,3
14317,3.95
15910,1.75
61039,2.75
2287,2.45
16992,3.3
40663,4
57863,3.5
51235,2.2
84865,1.15
39146,1.35
45735,4.95
61119,2.8
9036,0.1
64539,3.8
42730,1.95
11310,4.8
64939,4.75
67895,1.55
8886,2
37713,3.65
55575,2.95
82319,1
67022,1.75
30994,2.5
76,3.35
50186,4.1
42321,4.8
25453,0.55
62693,1.6
19841,0.7
65116,0.15
50940,1.3
18769,1.5
22932,4.45
46113,0.3
20500,5
67293,0.15
40947,1.7
85074,4
23285,3.1
55156,0.35
66783,4.55
66039,4.8
66305,4.45
65745,0.1
11200,1.8
35543,3.75
33337,2.1
16581,3.95
43110,1.1
68359,2.2
84940,0.5
55905,1
69005,3.75
63034,3.85
66245,0.6
72837,3.5
60026,0
14955,2.6
6447,0.35
84265,4.4
28271,3.65
10711,2.6
51603,3.15
27831,2.1
43001,1.55
53251,4.45
39270,0.8
33387,4.2
77094,2.9
84043,1.3
79203,0.5
60908,0.75
20306,3.3
72707,3.3
14939,1.85
76486,0.15
80488,2.3
65016,3.65
16460,3.45
5409,0.35
29405,0.2
78664,4.8
51018,3.95
38195,3.85
5245,4.55
42488,3.45
70000,0.85
74799,1.15
38534,1.8
23484,3.95
42948,3.1
27213,2.1
59658,3.75
20045,3.15
52240,3.1
66919,0.3
67795,4.55
9872,2.95
78829,2.45
58199,4.75
84415,0.9
81582,2.1
80352,3.65
6579,4.65
68069,0.45
44424,4.85
72718,3.65
44170,4.25
40322,2.95
75509,3.1
60221,3.55
45778,0.15
14665,2.05
46166,4.7
17879,0.2
11992,2.8
70966,4.15
7383,2.95
60037,1.2
17601,3
67157,4.2
76949,3.6
47385,3.85
65684,1.85
70568,4.15
66058,0.5
73951,2
2905,2.55
44402,4.15
70824,2.3
81703,4.5
22490,3.95
70351,1.6
33130,4.8
16544,3.65
55080,0.75
81189,2.7
20636,1.75
65611,1.3
37325,0.7
48285,3.65
65577,4.45
68313,0.25
35822,2.2
82939,0.3
83544,4.15
47986,1.65
85081,3.35
82252,4.7
23512,1.55
44151,0.75
59193,4.05
62117,3
61156,4
71862,1.9
80075,3.9
35786,3.4
66802,2.05
82705,4
38609,5
4331,4.05
271,1.85
68557,0.2
49519,1.05
67754,4.3
16855,3.5
17943,0.85
68043,2.9
20691,0.45
23189,0.1
67430,3.85
33847,0.5
72607,1.65
55898,2.8
40467,1.8
29313,1.7
61228,2.05
46276,0.85
38220,3.25
43235,2.65
8646,3.7
11834,0
79408,3.35
1062,3.85
45614,4.7
65718,0.4
40737,3.65
47466,1.65
27853,0.8
54610,0.3
80395,0.95
67377,2.25
76586,1.45
50920,3.25
46204,1.7
76838,2
83876,3.35
47529,5
50041,4.4
2629,0.2
10467,3.45
50062,1.15
78980,3.75
9410,0.15
43960,3.05
66797,3.1
24191,0.45
40544,0.8
24774,1.65
636,3.7
40916,3.6
47523,4
27885,1.35
3594,2.7
60292,0.7
11207,2.95
51429,4.4
83942,4.05
65183,3
3356,0.85
39558,4.35
44389,1.15
32126,1.55
40018,3.8
67851,3.35
80922,3.95
14642,2.5
63196,4.25
81792,2.85
28816,3.4
80132,0.4
12448,3.05
14159,0.95
76104,2.85
49401,4.55
81563,1.35
65066,2.5
82561,3.25
8463,3.3
78630,4.95
513,3.15
36954,3.8
19227,0.9
53650,3.5
44754,1.3
3665,3.2
16562,4
37527,2.05
81068,3.65
42002,2
83202,2.95
77033,4.8
40380,0.5
66538,1
23524,3.2
6138,2.1
55538,4.4
64653,3.3
66788,3
76275,0.15
59836,3.55
66405,2.2
6118,1.9
471,3.45
23375,0.3
66487,4.7
34665,1.35
66991,4.15
76913,4.2
32615,1.6
14038,1.55
6509,2.8
23902,0.4
11945,2.6
78291,3.95
47832,0.6
79561,2.65
59823,3.4
2725,1.4
34986,0.9
44337,0.75
26069,4.05
61327,3.2
35568,0.45
13117,2.2
4006,4.85
58814,2.05
19241,3.5
66142,2.6
83156,3.35
14476,4.4
34309,2.45
18848,2.55
30280,3.1
27671,2.2
18464,2.2
19809,0
52963,0.25
7892,0.55
10383,3.85
13848,4.7
50934,1.6
45808,1.05
81176,4.8
63059,3.6
15898,4.45
31066,3
9624,3.95
40655,3.1
13887,0.05
48593,0.05
66381,0.6
38861,2.8
9516,2.5
21060,1.35
40764,1.8
30996,4.3
60347,4.4
65801,3.3
324,0.15
60975,4.7
22927,2.5
28991,1.05
45458,5
50370,0.5
71233,3.05
1325,4.4
7999,0.9
54334,3.1
6701,4.75
51683,4.75
43941,0.3
22094,3.8
28739,1.45
10946,2.6
71572,3.5
24649,4.55
9812,2
68113,4.1
16666,2.55
3478,0.25
6512,3.55
84722,4.15
14962,4.05
30138,0.15
11163,1.75
76213,1.8
29150,3.65
72505,0.45
78541,3.2
8385,1.1
32918,4.05
195,1.1
56128,3.95
77428,0.75
6346,2.05
53763,1.95
17913,1.6
63260,3.35
565,3.7
54016,2.95
6084,2.75
58764,2.45
70633,1
60520,2.9
79515,2.55
22324,1.15
81781,4.2
8604,1.25
14169,3.3
54500,0.25
9668,3.25
81318,0.35
12978,4.2
65966,1.3
29391,4
59659,4.7
49239,0.45
36505,4.5
12398,1.35
30394,1
22432,0.35
38044,2.35
44043,3.45
56639,5
85228,1.4
57234,2.15
63437,0.05
57422,3.85
43776,1.05
73509,3.45
38890,0
57181,4.35
54962,1.15
10036,4
26966,0.05
46952,2.35
84937,4.5
85091,3.75
47452,3.85
19890,0.4
41084,3.45
83288,0.5
31926,2.7
22899,4.1
36003,5
83035,1
55705,3.9
53631,4.4
58753,0.45
65609,2.15
21114,0.1
9112,1.35
37888,1.8
55712,0
69469,3.75
41990,3.65
82698,1.2
15665,3.45
72948,3.1
74866,2.55
34317,0
8251,2.8
15240,2.05
38236,3.2
66125,2.4
32308,2.15
25716,1.35
76227,2.7
64332,2.4
1790,4.25
74739,1.75
15783,1.75
25035,0
32517,0.45
32786,4.6
9865,2.9
440,3.5
76704,2.4
32769,0.75
52287,3.95
73647,3.15
35320,3.45
18435,3.85
55367,2.8
76691,4.9
46799,0.55
57458,4.65
9216,0.25
51203,1.5
18127,1.45
41753,4.05
76923,0.65
10535,2.75
5890,0.45
19609,1.1
11555,2.7
37983,4.8
76921,3.05
39186,4.9
78626,0.5
38487,1.25
51104,2.4
30942,2.8
22580,1.6
70696,0.2
1151,2.8
9330,2.65
74748,3.9
69794,3.5
51733,1.7
45468,3.5
12018,4.2
70111,0.55
23312,5
3340,1.9
52593,4.6
13376,3.55
73785,1.55
82614,2.05
36651,2.6
8785,2.7
77195,4.95
51040,1.65
68248,4.1
80275,3.25
61521,2.3
77772,4.5
4198,3.6
19417,2.7
23139,2
72568,2.85
16098,3.25
40761,1.65
62517,1.3
68209,3.15
24583,4.15
31084,1.4
17715,2.2
51433,0.3
61575,4.85
26081,0.2
12189,4.65
65089,4.1
33871,3.5
2283,3.75
23738,0.15
54941,3.75
59117,2
28436,4.15
59735,1.5
36297,4.25
27455,2.3
13399,1
14605,2.55
56985,1.85
6203,2.1
61089,4.45
33123,3.3
2714,1.8
69833,5
38839,0.4
83420,2.85
83605,4.9
9437,0.7
51362,0.55
23526,1.55
40745,0.6
51342,4.1
11709,2.65
56717,2.65
20151,1.7
85164,2.45
14299,2.75
81906,3.8
48891,2.35
65856,1.55
54437,3.7
17473,2.55
8705,4.6
75941,0.15
66645,3.55
52345,3.9
48496,0.25
66183,4.7
75405,4.25
78402,4.6
2676,0.6
15122,1.45
60995,2.65
8054,4.9
42122,0.6
70645,4.8
26433,3.25
1527,3.4
28181,2.25
39938,1.25
14055,0.45
80206,1.95
70247,3.8
47184,2.5
8263,0
2019,2.9
41279,0.5
46761,3.6
85153,4.2
44285,0.85
61716,4.65
36165,2.35
7197,4.7
20451,4.15
36873,4.45
1678,3.15
84063,3.2
32100,4.25
70421,1.75
26767,0.2
13382,1.8
56329,2.55
18939,3.3
76807,2
61932,1.65
58116,2.6
8064,3.4
19329,1.9
15517,3.4
3001,2.55
78650,1.45
82031,1.85
50187,1.7
79622,2.05
50425,0.2
7715,0.05
29998,4.35
61901,3.65
78385,2.1
21822,2.9
3823,3.6
67413,2.1
72092,4.75
10780,4.25
20796,4.9
38314,0.5
1498,2.2
21370,3
12470,1.1
80465,2.5
13973,1.85
72722,4.9
76800,4.7
52098,3.45
77235,2.05
76599,4.9
84768,2.55
57078,4.8
71967,2.7
26431,1.2
35295,4.5
30339,2.1
15678,4
73718,4.9
77341,1.3
18166,0
69288,2.2
62282,4.55
61759,3.15
26139,1.5
78987,0.4
32674,2.6
9561,3.6
73323,4.15
26483,1.9
78284,0.4
46705,2.8
61369,1
54956,1.95
29865,1.5
66886,1.15
58994,3.65
21754,3.45
60090,3.65
50617,0.6
11997,3.65
27388,2.7
35940,2.7
31537,4
8192,1.95
12073,2.9
77918,4.8
50412,4
38436,1.95
54221,3.05
2952,2.55
69962,0.35
73088,3.35
83502,2.4
62711,3.95
61712,3.7
81264,1.15
63600,2
9221,1.35
75878,0.5
72518,4.85
59639,3.05
43687,2.2
70237,1.25
12200,4.75
25902,4.3
72602,0.7
3673,4.75
18531,3.4
16695,4
34525,1.4
30591,0.8
14202,2.8
68518,2.55
64431,3.3
63832,1.25
81044,0.95
32274,3
42556,4.05
73813,0.9
20467,0.9
3990,1.55
83610,4.6
31958,4.5
53600,2.45
77916,3.9
70554,4.3
54317,3.45
79989,4.25
46034,3.5
45142,3.95
56998,2.9
75477,0.55
36235,2.3
53670,2.85
80997,4.9
47679,0
15760,4.6
39100,1.15
29302,1.9
52525,1.45
49131,1.65
37740,3.1
39486,0.75
34417,0.05
18518,1.4
2617,1.7
83885,0.8
44292,1
17271,5
19071,2.85
70882,0.9
10587,4.7
23228,3.55
32252,3.7
70967,2.5
47564,3.4
11400,1.5
536,4.5
58469,1.95
23744,3.05
74569,0.5
63081,4.8
26916,0.35
23059,2.85
78494,2.95
24788,2.25
18160,0.15
34657,3.8
37095,0
9512,3.05
13628,1.35
82346,2.9
14182,2.45
59216,0.65
1445,3.75
49608,2.6
47242,2.5
81637,4.45
49122,0.15
6130,1.2
224,4.4
16357,1.85
55992,3.05
83219,1
17329,4.35
25798,4
84487,2.8
45859,0.1
35896,0.55
84939,3.6
55608,3.95
24406,3.2
38873,0.5
48745,2.5
11212,0.85
2517,1.2
59001,1.2
2703,3.7
7222,0.75
13140,3.35
51282,4.55
48519,0.85
28722,2.55
14448,0.6
51367,0.9
26827,0.4
6815,0.9
40036,3.95
56795,1.3
8224,2
44963,3.3
51490,2
22588,2.35
47960,2.3
71860,0.35
11991,2.7
22424,0.9
84735,3.55
45730,1.75
26720,0.5
37359,3.25
7941,1.85
43904,4.6
69102,3.65
9977,1.1
46049,1.25
39866,3.45
480,1.25
52569,1.4
84127,3.3
75577,1.15
54360,2.05
75857,1.55
23504,0.15
76549,4.8
28479,2.45
24475,2.45
49481,1.2
58559,2.1
25855,0
29200,0.7
7542,2.15
33223,0.1
25529,0.05
54244,4
23792,0.55
72294,4.1
67766,3.45
53223,4
28214,2.6
18699,1.5
65059,4.05
64250,3.4
29753,0.7
10315,0.15
33958,4.3
11911,3.95
85009,2.7
8494,0.25
21082,1.1
69330,3.3
51896,0.4
20133,0.45
37870,1.5
15644,3.45
42275,2.15
47655,0.25
52249,1
43784,4.4
75687,1.6
41409,1.95
55399,4.5
23869,3.35
48278,1.85
52602,4.85
76974,2.8
8680,4.45
25325,4.25
16555,1.15
65063,1.85
38892,1.9
36925,2.2
40217,2.8
26383,2.65
57254,0.55
52105,2.15
26134,1.95
25455,1.75
10594,2.55
81478,1.35
65484,2
31060,1.6
719,4.55
8875,1.9
13132,1.65
12704,3.55
43954,3.3
55355,2.3
22175,2.85
19478,2.5
12471,0.85
34823,3.95
13966,4.25
48474,1.75
2216,0.4
37932,2.65
84872,1.8
36198,4.6
8855,2.8
4963,4.3
61336,4.6
64285,3.95
49249,2.75
46940,1.75
58438,4.7
35015,2.65
11042,0.5
21912,2.5
57213,1.65
25126,1.9
78804,3.3
44334,1.1
70420,1.15
46746,4.1
83735,0.65
4984,3.4
20952,0.95
5871,0.15
80736,0.5
78598,4.5
831,1.7
83392,2.55
33178,0.8
17606,4.55
53275,3.45
79130,1.75
80645,1.75
6685,1.65
4613,2.4
25118,2.05
75738,0.8
21877,4.4
63539,1.8
42934,4.15
36599,4.25
78119,0.7
22446,4.6
12987,1.4
75971,1.15
55881,4.25
24931,4.5
43412,1.9
75594,3.75
73153,1.95
17886,1.1
41952,1.5
5797,3.4
1337,3.7
76904,0.3
24242,3.25
67106,0.9
52161,2.3
18816,3.9
63151,4.95
20739,2.95
36435,3.5
25173,1.45
27486,1.3
30297,0.5
13585,2.05
13080,3.1
13107,1.15
7909,2.5
1184,2.9
39839,0.4
11900,2.95
34256,4.25
84172,4.2
24558,2.65
47363,1.85
77451,3.85
35549,1.2
29018,3.95
26758,4.65
48716,0.6
31939,0.75
2792,4.9
32663,0.25
53520,1.65
35914,4.55
8238,4.45
46990,1.3
37727,2.95
68512,0.65
26308,4.45
45560,2.1
38695,5
35395,2.1
10082,4
509,3.85
60830,2.8
31648,0.55
23115,4.45
20767,1.55
79329,4.5
26796,0.65
21046,3.3
38376,1.55
53294,3.55
80657,1.5
37844,4.25
56990,2.45
29473,3
72244,2.35
68919,0.2
59727,3.95
30235,1.75
38979,1.8
57787,0.1
60280,1.25
83785,2.55
70983,3.75
53456,1.95
35170,0.8
51928,2.35
17787,2.55
23447,0.4
15230,0.5
28533,3.6
43564,4.3
7000,2
51185,1.85
66434,3.45
33035,0.95
26299,3.55
43792,1.65
27935,0.2
42770,1.2
32211,3.9
59120,3.4
7988,3.55
52502,2.3
24853,4.35
71175,4.2
85022,0.95
2584,0.65
84181,0.15
47663,0.35
81191,4.05
60564,4.3
72687,1.8
53557,4.2
20943,2.15
3216,3.9
50573,0.95
47834,0.55
45474,3.4
15384,3.3
12322,0.4
6123,3.7
504,3.3
75388,1.3
34277,4.15
57052,3.9
10047,1.45
18929,2.2
40418,3.35
68538,4.55
4905,0
79289,0.45
82490,3.4
16083,1.35
79666,3.85
83014,3.65
81851,1.35
56206,4.45
84635,1.65
60307,1.65
64330,3.7
1734,2.2
53193,0.65
37075,4.3
80176,0.95
24562,3.25
67332,4.85
43119,1.55
1992,3.5
5400,4.05
4389,3.3
65765,0.1
8935,3.35
16604,1.8
53978,3.6
43418,3.65
59280,1.25
37272,0.75
35362,1
23141,2.1
29605,3.1
34396,3.45
79946,1.45
75094,3.75
37407,2.65
21133,2.5
32230,4.8
76196,0.95
42307,2
31873,1.8
19735,2.75
33644,1.55
49747,2.9
68781,4.25
30793,2
7635,4.95
34914,1.3
28556,0.1
71858,1.2
81281,4.75
63547,1.55
54070,3.75
13615,2.7
68911,3
18236,1.95
25790,3.75
12496,2.3
56682,1.75
32194,1.3
33139,3.35
48013,1.05
50697,2.5
39232,3.5
17540,0.6
68242,4.6
70828,2.65
30437,2.6
72645,1.25
21078,2.35
31856,1.8
26799,1.75
68123,4.4
68847,1.2
59410,2.3
35396,3.1
20632,3.05
72790,3.6
66843,0.9
44733,1.3
49526,2.8
15774,2.1
1782,4.35
66355,1.3
28873,0.45
8119,1.65
78147,4.75
55161,1.25
47683,1.75
5938,2.9
80702,4.6
22527,4.8
4284,3.4
22987,3.7
44330,4.95
51373,2.35
25592,1.2
68745,0.1
24192,0.45
73926,4.05
37396,0.5
48435,1.2
78801,3.85
9439,2
3610,1
27767,0.15
6923,4.95
74361,2.45
68603,1.75
6739,0.55
21005,0.3
72434,1.8
12127,0
9508,0
70349,4.5
378,4.9
11077,3.55
3541,0.55
23214,1.8
26024,2.5
78954,3.95
58230,1.15
82996,3.15
10836,2.5
12498,1.7
11068,4.05
72737,2.9
23940,0.4
74126,2.4
17163,3.85
38802,5
40615,1.35
44492,2.45
53247,4.55
41928,1
39366,2.6
50345,3.25
47278,5
21051,0.15
63816,3.25
33911,1.9
58072,1.15
55371,4.1
22998,0.5
47965,2.65
54309,0.6
63295,1.75
20147,2.15
8726,1.05
13430,1.9
30922,4.45
84347,3.65
15964,0.55
23173,1.3
46468,0.85
64931,4.95
73636,4.15
17583,0.9
78896,3.9
51716,4.5
71150,0.5
76039,1.85
42472,4.25
39763,2.25
15182,1
15660,3.05
83682,0.15
30801,0.75
39695,3.65
62924,0.45
82007,2.5
1290,4.65
53735,2.15
37474,0.2
33841,4.15
82622,2.35
47481,1.3
38916,1.8
82830,2.4
62469,2.75
43058,4.7
33038,4.9
30600,1.25
16757,0.85
53583,2.35
77163,4.2
39204,4.85
56261,5
55425,2
29006,2.5
40230,4.45
39790,3.9
15844,3.3
33655,5
42831,1.45
5537,2.65
51350,0.85
76821,2.7
34755,0.35
15681,0.05
76418,0.2
51468,2.95
36172,4.85
44192,1.45
48464,1.6
82042,2.3
68357,0.1
32457,3.25
45650,2.15
33515,0.7
49356,4.3
27240,3.45
73582,3.65
10109,4.8
62099,4.1
64569,3.95
11211,0.8
50717,4.85
62375,0.75
37350,4.7
15724,1.85
72090,2
62932,4.35
58334,2.65
38472,1.85
40355,1.25
36585,2.85
42166,0.2
16193,0.25
7239,3.75
34472,0.45
73432,4.4
14712,2.15
29415,2.4
35141,1.2
46947,2.65
77583,4.2
39479,4.8
20619,3.5
4813,4.35
62224,1.75
16198,3.1
2020,4.25
77105,2.95
53309,4.6
48142,1.3
33708,3.75
1964,2.05
47889,2.35
56962,3.35
40933,0.7
11198,3.6
68494,2.3
80449,3.45
64333,2.3
22585,1.4
28522,2.6
71227,4.05
78132,5
57525,2.95
76460,4.9
69146,4.85
73996,3.95
71052,1.6
48661,2.3
34887,1.5
81711,3.1
33931,2.15
82101,4.9
42606,1.2
64832,1.1
23652,0.35
65293,3.7
7237,0.25
57861,4.45
22957,0.6
10678,0.3
8111,1.65
73668,4.95
9879,4.7
77026,4.25
21991,3.75
8347,0.95
57221,1
21725,1.75
51745,2.7
5467,3.65
75569,2.75
12616,2.05
14719,2.05
55406,0.85
69808,1.6
69038,1.75
38790,4.95
65010,1.4
28502,2.25
15995,0.5
46526,1.5
46545,4.2
70977,0.65
10155,3.4
68475,2.25
31622,0.1
10074,0.6
56456,3.45
51624,1.3
1971,4.55
6390,1.3
78990,2.2
750,4.5
57392,4.25
42650,2.6
26398,1.25
70495,3.05
60235,2.9
67593,0.4
29717,1
49507,3.65
40179,1.65
50131,4.85
8556,4.05
54577,3.45
60903,2.5
20805,1.85
40839,3.6
72087,2.75
27602,0.05
5024,2.55
12120,1.55
54933,1.5
57759,5
43707,0.55
72808,4.4
16133,2.5
62547,3.25
82377,0.8
60693,1.3
56002,4.8
27914,5
63259,0.15
81841,0.6
13992,4.95
8369,4
81666,3.1
27012,2.2
41222,0.55
50746,1.05
33395,1.1
65180,0.5
11427,0.95
73143,3.9
63222,0.05
22243,4.7
49621,2.3
39337,4.5
16047,4.4
64353,0.35
62159,1.65
45155,4.05
41390,1.1
31478,3.9
29972,0.6
22400,0.7
5757,1.1
51011,0.85
15408,1.1
1389,2.55
44570,0.7
37575,4.55
17994,3.25
72708,3.15
73313,1.9
13269,3.45
52368,3.4
31361,4.25
43953,4.3
585,3.8
44909,4.65
83535,3.3
14063,1.5
41463,0.8
46785,2.05
8167,1.7
8513,4.15
61271,1.75
4448,3.75
50465,4.25
32470,2.1
65241,2.7
57053,0
60788,3
84414,3.85
9841,2.5
25728,4.05
46857,3
42883,0.5
17132,4.5
81171,0.45
66817,4.85
17945,4.15
36865,2.7
36880,1.2
6985,3.2
69868,4.65
62541,0.55
57306,3.9
37846,0.45
51085,4.05
19003,0.95
23440,2.1
14163,4.2
6009,0.5
69639,2.95
80372,3.2
6503,1.9
23478,1.3
45663,3.1
73031,4.55
25956,2.25
59143,1.1
37545,4.35
71809,2.25
7210,0.3
41392,1.95
32249,0.4
25378,0.65
9268,0.2
38033,4.2
33557,4.4
28529,0.9
56344,0.6
3423,4.95
64984,2.5
52187,3.9
79668,4.3
79137,1.95
6312,1.55
47215,2.75
33262,0.55
80583,0.8
72316,4.75
7540,1.85
20368,4.3
8215,3.35
45166,3.65
42413,1.5
79828,3.15
761,0.35
42742,2.25
8796,2.45
72942,0
27704,4.15
56792,4.15
15940,4.7
56129,1.3
52255,0.85
1764,3.95
22261,1.45
77545,1.55
68458,4.7
69452,1.1
58273,3.6
13482,3
24795,3.85
54470,0.05
81600,2.15
3133,4.95
45158,1.55
39693,0.3
64269,2.2
20052,1.65
75453,5
38533,0.55
4056,1.1
23168,3.35
37442,1.75
28612,1.15
22504,3.6
11710,2.9
65972,2.3
25964,2.65
78241,4.55
54406,3.85
75081,3.45
44809,0
17599,2.7
78690,3.35
39880,0.5
73650,3.15
83514,4.9
14590,4.4
58272,3.5
69237,3.25
84780,0.55
43657,2.85
7887,1.1
57132,4.6
52837,3.5
54648,2.7
52266,1.95
56155,4
49381,0.7
66140,2.25
5820,1.6
27417,3.95
68444,0.5
64679,3.6
11459,4.55
52698,0.6
6242,2.3
82222,4.4
43277,3
19907,4.75
14305,2.95
17984,0.05
2664,1.55
69311,3.15
30692,2.1
26272,2.95
78752,0.9
43342,2.15
77153,4.65
63330,0.5
620,3.55
67674,0.95
1022,3
2018,0.95
84437,4.25
48690,2.95
55067,2.3
85243,2.5
45489,0.3
74695,3.4
19518,2.75
31864,2.4
17234,2.15
63706,2
38663,0.05
81074,1.55
56204,3.45
79388,1.8
54050,1.9
50559,2.95
67314,4.15
82232,0.3
5058,3.65
63755,1.05
78128,3.05
966,1.1
38639,2.6
74559,4.95
39600,1.7
26231,3.75
29113,3.3
50621,1.1
65664,2.7
84820,3.5
50337,3.95
83348,3.3
80478,0.9
77734,4.6
4102,1.8
14042,1.5
61421,3.95
51655,4.45
85211,1.4
53433,2.3
47276,4.85
9288,1.9
70573,4.6
12799,4.85
33152,2.4
51866,3.85
17035,4.8
38438,4.35
82429,3.7
33290,3.8
58184,2.45
55436,0.25
29633,4.95
48324,1.7
43192,2.05
7345,3.95
68976,2.3
85194,2.2
15125,3.55
27571,1.25
14302,1.45
150,5
73470,4.8
58120,0.55
1530,1.15
73980,4.45
6326,0.95
30196,2.2
52589,1.65
83385,4.25
36631,2.25
6449,1.6
69980,3
30019,2.25
77489,1.45
21856,3.25
37277,1.35
79175,0.6
37193,1.85
53998,2.15
8270,3.75
44779,0.4
52637,0.05
84125,2.15
54431,4.6
41533,4.9
7004,1.4
45385,0
11543,1.45
84972,0.15
16316,1.6
60495,0.3
40981,0.1
50679,1.05
28441,3.15
21893,0.4
60506,0.45
28006,1.95
34892,4.95
23172,2.8
70097,3.15
29590,3.3
68552,3.95
14103,2.65
68342,2.45
45339,0.1
83576,4.85
54387,1.15
82594,0.8
46643,0.75
60678,0.45
83264,4.8
46067,3.3
10939,5
30366,2.7
3050,0.35
30808,2.05
76217,3.9
76692,4.35
9403,0.3
35703,0
59777,0.8
53834,2.25
9016,1.65
449,0.3
38066,3.65
39435,4.4
34295,4
15627,4.7
15334,3.65
48554,2.1
4257,3.45
68559,3.65
61153,4.05
68498,4.5
67168,3.4
62997,1.45
63961,2.9
31745,1.45
82737,4.55
17185,1.75
586,3.9
1844,2.95
58519,1.85
10932,0.2
51952,2.6
11736,0.5
27375,3.7
22343,1.4
10653,3.05
73723,3.45
49288,2.35
66038,3.45
10108,2
74633,1.3
70299,0.5
3783,0
18919,3.4
13034,1.6
2704,3.9
76975,0.75
27382,0.55
64287,4.45
4496,4.25
75807,3.15
55018,2.8
61332,0.85
76881,1.1
77023,2.65
23959,3.55
81143,0.75
19222,2.3
85066,0.4
57704,2.95
2927,2.55
23911,0.2
78900,1.35
32178,3.75
45849,0.25
11223,3.8
6128,1.05
59512,0.8
43085,3.8
59622,4.4
19564,0.45
44583,2.6
34052,1.1
7734,1.95
9052,1
20609,0.05
84314,1.65
66218,0.35
51096,0
54493,3.25
43915,4.45
29179,0.4
47419,3.6
40291,0.85
79528,3
77612,2.05
7570,2.15
71156,3
51558,2.95
13473,4.5
25072,3.5
80233,4.05
27838,4.95
39154,4.55
67085,3.9
14224,3
47372,1.35
56903,2.1
4893,4.85
14858,3.8
49197,3
22952,0.9
45233,1.2
32047,4.65
30301,4.4
5332,2.6
53867,1.55
44853,1.9
52128,1.1
104,4.5
42838,3.55
33594,4.55
75264,0.8
55810,1.4
29698,0.4
80560,3.35
38759,0.35
7708,0.5
22529,4.35
25483,1.2
49120,2.15
25883,0.35
28787,0.9
21784,4
2143,1
69035,4.1
32841,2.2
36770,4.15
48350,2.05
56447,4.35
65524,3.75
63774,1.65
32438,3.55
28752,4.85
66955,4.15
10667,4.35
62621,0.3
70282,0.65
69756,3.05
68587,4.9
43368,2.95
13455,0.15
37708,4.35
71941,1.85
7384,4.45
50665,2.75
79227,3.15
76654,4.2
35497,4.35
80728,4.9
16533,4.75
17733,0.55
50653,1.2
29495,0.6
52275,3.2
46658,3.35
73600,0.25
75973,1.65
81234,1.2
69872,0.85
62194,1.6
2396,3.1
65598,0.75
32179,4.15
25888,2.25
59125,0
43706,3.95
15971,4.15
80340,1
42179,2.25
20027,0.85
15548,1.5
33628,0.2
53744,4.9
42694,4.7
32049,0.95
43104,2.2
62131,1.5
33180,0.95
66430,2.05
75937,2.25
31735,4.85
43335,4.3
19705,3.4
52224,2.6
73578,3.4
11757,2.8
60561,0.95
42777,1.55
7450,3.25
34110,4.55
9191,0.15
46898,2.6
16714,1.3
3726,4.55
82172,3.45
16220,1.75
34590,4.95
58725,0.35
55121,3.75
57915,0.6
48887,4.35
24122,4.15
3779,2
69224,2.45
40120,0.95
7687,1.4
67745,0.9
59501,2.5
71814,4.65
15304,2.25
72401,3.25
61378,1.5
34241,3.45
7138,2.9
20304,1.55
39517,0.4
80616,0.65
26693,3.05
20458,1.8
80790,1.35
71694,4.5
74108,3.7
21701,3.65
20216,2.5
51783,4.45
15314,3.75
8454,1.65
74163,2.95
53398,2.15
42044,0.25
43517,1.25
32076,0.05
64941,3.6
44254,4.55
38437,3.1
38578,0.45
51604,3.25
36471,3.05
41692,0.8
63775,1.55
49599,3.25
38980,3.55
31736,4
21606,3.05
75681,2.4
16279,1.6
83258,0.9
12118,4.15
69398,1.5
64520,1.3
53767,1.45
3808,0.9
65870,3.5
35399,1.4
39260,0.85
38515,1.45
13946,3.8
6797,3.65
34092,4.2
11462,0.35
7889,5
49133,0.4
70643,3.95
72759,2.9
27699,1.25
9824,2.45
53878,1.4
42168,3.3
68064,1
82247,1.5
61818,3.6
12405,2.55
19657,3.75
7975,2.55
10890,2.75
25512,3.3
28841,2.5
70921,2.45
75786,1.3
21086,4.4
12948,1.95
63119,1.85
2496,1.8
10624,2.4
20217,2.35
55184,0.65
75629,4.4
28835,3.65
85043,0.25
13424,2.7
56408,4.2
14841,3.1
12701,0.25
55680,3.5
36112,4.3
33195,3.35
4443,1.1
79093,2.6
43068,3.7
14332,2.1
11614,0.4
22648,0.5
39280,4.2
74124,4.2
2810,3.05
23515,3.4
57389,3.8
24371,2.15
29721,1.75
23196,1.75
36643,3.5
35829,0.35
4233,1.05
2700,0.45
40073,1
54938,0.4
33828,2.9
44541,1.2
67499,3.35
38313,2.2
46285,3.8
62267,1.75
82766,4.25
34915,2.1
35205,1.5
39451,0.65
28990,4.7
30628,2.35
12666,4
41465,3.4
63839,2.95
1642,2.2
2011,4.1
84020,3.95
4283,2.1
355,2.4
58887,3.15
60397,2.3
55993,1.8
55830,3.15
19553,0.45
4747,3.35
73536,0.9
1797,3.55
13521,4.85
20620,3.85
38164,5
31975,4
71789,0.1
69731,1.1
28382,4
25804,0.5
62505,2.5
38551,2.2
581,3
51525,2.55
56151,3.1
71002,0.15
3805,3
64408,3.3
62580,3.15
20282,1.35
47693,3.5
61872,1.15
83020,0.4
73507,3.95
35916,1.1
40123,1.4
10257,4.05
31461,4.25
74201,4.05
80910,0.7
68841,4.85
25943,0.25
58061,1.15
37428,1.9
59030,0.15
31273,0.75
31415,2.15
51777,3.95
30457,3.75
11368,2.45
54395,1.35
14068,3.95
28950,3.4
64372,4.1
57691,4.7
51192,1.9
9758,3.2
52724,2.05
83431,1.2
85247,1.55
64602,2.55
81225,0.6
12604,4.85
72269,1.5
49094,4.65
25007,1.55
14883,4.55
44236,3.95
84576,1.1
77454,2.1
57367,1.15
16448,2.25
31863,2.25
47675,1.55
17515,1.05
5818,2.7
61205,4.75
23933,4.85
6306,4
80507,1.3
2858,3.6
9905,4.35
18120,0.25
35864,1.65
54209,0.05
43484,1.5
34104,1.75
21770,2.6
37800,2.2
10714,4.7
35236,3.4
21562,3.65
24633,4.05
1472,1.6
57902,4.85
25179,0.55
74008,2.8
36656,2.6
65264,4.05
76268,3.25
35997,0.3
10246,0.65
36438,2.9
28257,1.85
500,0.6
31128,3.85
56840,3.2
13924,1.6
52058,0.2
11010,2.85
39029,3.8
35813,0.6
41977,0
69137,1.3
51310,0.1
8339,1.65
8058,0.3
39288,3.1
16417,0.5
28014,0.55
72713,4.9
18480,1.55
25242,1.75
69923,4.75
77499,1.95
18378,4.2
1956,4
7985,0.25
60077,2.55
28318,4.8
16439,4.85
30968,4.5
75241,5
59243,3.35
62614,1.4
65699,0.15
39521,4.4
24402,3.85
73410,3.5
13901,1.85
32724,4.05
45393,2.3
82565,4.85
12099,1.75
5809,2.55
58685,2
47945,1.95
84075,3.25
68583,1.15
31614,0.1
51827,4.8
42424,3.1
15376,1.7
56858,3.25
68843,4.35
51671,0.15
35685,1.65
83513,0
37237,2.7
63689,1.7
13877,4.15
71299,0.65
57432,3.55
61667,4.2
30645,4.7
61099,0.15
21199,2.1
77635,2.9
63145,2.15
75430,3.05
82196,2.8
17592,2.05
61945,2.9
38125,3
74325,3.3
80324,4.7
46483,2.65
36433,0.7
70515,4.5
79479,0.75
2779,2.35
70250,3.45
82993,4.85
10479,4.9
25866,2.7
77556,3.15
22103,3.8
67070,0.95
14413,0.4
48763,3.05
85209,3.05
27048,0.45
75515,4.95
57876,4
83353,4.85
6309,1.95
10790,0.7
5286,1.35
49057,3.65
37967,3.9
39397,2.6
28707,3.25
59714,0.3
51456,2.1
19286,0.25
53717,4.45
18945,3.9
85210,4.5
2188,4.95
61047,4.8
67208,2.9
46972,2.55
73811,3.15
46149,4.3
48809,0.45
43984,4.65
61804,4.55
30264,3.8
44864,4.95
32616,3.9
59782,2.05
81784,2.25
14419,1.1
33719,2.1
34261,3.3
52634,4.4
8289,2.45
59993,4.05
31477,0.05
51520,0.55
61885,1.2
36051,2
81476,4.7
38605,4.1
30911,0.8
61308,1.5
44745,1
51349,4.85
36215,1.2
10999,2.8
31106,0.85
66241,2.55
82981,4.8
74893,4.65
71287,1.25
33686,2.3
66550,2.7
10384,3.55
3664,4.25
62666,0.7
18478,0.35
36832,2.8
65253,0.05
57701,4.9
46118,2.25
55076,1
79004,4.85
69724,0.7
30057,4.75
58718,3.95
68199,4
73382,4.2
32227,1.3
42371,4.4
48243,3.4
10095,4.1
76162,2.95
46193,3.45
2401,0.3
3934,0.05
30271,2.4
56826,2.15
70784,3.2
22853,0.6
52192,4.45
72881,1.95
67806,1.45
15203,1.55
84785,3.2
442,0.1
4798,3.75
1694,0.75
55581,3
40160,1.8
72787,3.85
81952,1.1
27837,3.55
58451,2.55
79794,4.9
60954,1.3
43498,2.8
6892,0.9
9986,1.45
914,1.15
52763,4.05
71238,2.75
6585,1.7
1825,4.6
58373,3.35
36339,2.1
65915,3.35
28469,0.75
64165,0.5
68243,5
52127,0.9
24179,1.4
73046,2.6
14255,0.15
68108,0.9
25763,1.55
84364,1.35
5698,2.8
79717,1.35
56705,3.4
15170,1.85
83259,2.4
24566,0
39087,3.8
46632,3.3
73673,0.3
75171,4.1
31628,2.5
27493,2.6
27613,0.2
39277,0.9
68403,1.45
83268,0.65
18614,3.5
54776,3.4
80802,0.3
74186,2.85
63894,4.6
20865,0.9
84709,4.8
14035,4.35
24084,1.45
83016,2.15
60028,2.2
23518,1.95
58264,2.1
81602,0.35
48069,1.45
14729,4.55
14474,0.2
32580,3
56304,0.2
84306,0.4
53931,0
44902,0.95
82897,3.9
78273,1.1
79855,3.15
43935,3.7
39826,5
38216,1.1
80954,0.6
61596,1.85
13184,1.15
47230,4.85
70946,0.65
15509,0.65
82893,1.85
44223,1.55
6599,0.95
22384,0.7
41681,3.35
66312,1.05
10438,1.85
50522,0
74918,2.55
42487,3.2
12976,3.7
53380,0.3
12729,1.9
46775,2.7
80739,2.85
72974,2.2
38836,0.55
52206,4.8
82208,4.2
78586,1.7
42066,2.6
83117,4.4
35227,2.55
1089,0.1
6334,0.6
28661,3.3
82663,1.5
21618,1.8
59694,3.15
81687,3.8
76153,1.35
70701,2.75
72305,1.2
18885,4.95
78095,3.65
51856,0.3
73244,0.25
21530,2
40175,0.7
68234,5
1056,0.4
67739,0.85
74722,4.6
66404,2.5
74989,1.9
61690,4.75
50171,4.95
15800,1.45
9834,4.25
76363,4.55
12262,3.2
43751,1.2
58950,2.3
7422,4.8
73690,4.5
15580,2.75
26608,1.75
37032,2
78583,1.65
8336,3.7
3134,3.45
4908,1.2
78937,3.85
33507,1.1
78955,3
82243,3.5
66673,4.85
42565,0.9
27649,3.8
41198,0.2
77604,3.15
35232,1.95
50028,1.25
69337,4.85
80313,2.25
9642,1.2
59778,0.35
59518,3.4
25235,3.75
22336,4.15
54390,4.4
20950,3.3
50630,0.25
81663,0.8
27222,2.15
887,3.45
77123,3.75
67616,0.8
77585,4.9
29566,1.1
56664,4.95
53702,2.5
74836,4.25
53785,3.9
52847,0.05
73289,0.8
50428,4.65
15112,0.3
45120,0.4
78370,0.7
84090,2.25
11826,0.3
51193,0.35
3274,4.25
61115,4.65
38179,4.3
15711,0.1
31375,3.3
71280,3.45
69447,1.45
69766,1.2
66677,2.55
52848,0.6
10518,2.1
65894,0.05
69791,1.6
78088,4.45
35283,2.15
2462,3.1
80694,1.55
55261,4.65
69636,0.15
23190,4.9
2118,3.05
29807,1.95
4645,0.4
65020,0.1
3700,1.5
73332,2.7
73052,4.65
41496,0.1
76684,2.05
34992,0.1
37013,3.85
1396,4.55
73989,3.5
13000,2.95
26687,4
21711,3.1
23362,2.15
28525,4.75
55226,1.65
23951,0.7
47031,4.5
33694,2.35
10728,5
8666,3.15
48799,3.85
15187,2.25
39918,0.5
50447,2.9
22988,2.8
25739,1.95
43911,0.5
38613,1.25
84119,1.2
5725,2.45
36084,2.1
24202,3.75
41630,4.65
21247,2.65
2535,2.75
10453,2.95
76984,1.5
17962,0.2
37515,2.3
20394,0.65
15929,1.75
15866,0.6
32014,2.05
73105,0.25
60516,3.35
23005,1.15
45032,1.4
11688,3.05
46862,3.3
62979,1.65
80621,1.95
12851,2
13963,2.5
53617,1.55
37138,2.65
14769,1
30231,3.15
62707,4.6
6862,4.35
32935,2
24543,0.5
64390,2.75
64818,0.85
44291,3.8
75759,4.15
24582,3.05
42549,3.3
71008,3.3
46619,2.8
33235,0.4
82025,1.55
1658,0.35
79900,4.65
29943,1.6
28308,0.45
64881,2.9
20901,2.85
28577,3.15
80641,4.65
62989,3.35
11170,0.3
65907,1.9
49995,3.45
12122,2.65
50101,2.25
43347,1.8
58910,4.45
32500,3.8
82103,1.15
9478,4.45
82947,2.85
33093,0.85
29623,2.2
30799,0.05
50901,0.5
54333,2.1
50751,2.75
11076,2.6
81904,1.95
23311,0.1
71464,1.4
66200,2.1
51050,4.2
61828,0.35
27503,2.85
66073,3.4
71765,2.1
30052,1.45
8201,2.35
39475,2.1
28657,1
4785,2.7
69793,1.1
16370,0.15
75920,4.55
20245,2.15
47359,0.05
81157,3.55
19029,0.55
45705,1.3
52121,4.5
35849,4
11768,2.95
61284,1.55
78409,2.15
63786,2.95
42482,4.9
76286,1.05
19772,4.9
43889,4.45
64911,3.95
37332,1.25
62618,2.8
41915,4
2371,3.1
70737,1.15
81131,2.45
75876,0.8
2630,2.9
25196,2.55
7702,4.7
49183,0.45
62276,1.1
65775,2
47112,0.05
35209,2.7
62491,0.4
60576,1.75
39463,1
54831,0.1
57263,1.5
4843,3.9
57208,3.45
29651,3.35
63017,1.45
54372,4.6
45074,1.4
49339,2.25
15257,4.9
56062,0
83458,2.65
3662,3.3
80738,2
55536,3.85
43516,2.05
60628,1.5
31966,4.15
40539,3.5
60348,0.25
81070,4.25
39674,1.3
33725,1.3
54357,3.5
70990,2.45
84404,1.6
23026,0.55
83446,3
64406,4.4
36904,0.1
26156,2.1
57938,4.75
75274,3.8
36468,1.6
10419,4.05
22099,3.05
75877,4.7
22831,1.2
52207,4.8
60554,4.6
83483,3.3
84189,0.75
57315,4.6
29772,3.2
57663,2.3
66772,4.1
70884,1.8
38618,2.65
20297,3.6
10639,2.3
81200,0.9
69202,4.7
37082,2.75
70595,2.45
38061,0.15
48136,2
61568,4.8
49769,2.4
47825,2.5
49642,0.55
46205,3.8
23135,2.1
32290,0.25
54672,2.3
67385,1.35
76710,4.6
11393,1.25
48258,0.55
65669,2.6
32774,4.8
81789,0.8
84648,3.8
415,2.8
5870,2.9
36242,4.75
82554,3.95
61247,1.15
44614,0.4
29454,1
51955,1.15
26583,4.55
4803,1.25
29830,4.3
3197,4.65
656,3.55
57664,2.8
23809,1.4
24182,0.25
50648,3.8
10145,3.6
29582,1.1
65256,0.15
48284,3.05
33982,3.4
46194,4.8
56847,1.45
46586,0.2
68577,0.5
81226,2.05
62624,3.35
16313,3.5
77434,1.9
64104,0.8
49680,0.8
39801,1.8
33876,2.75
83917,3.9
72789,2.4
360,0.8
44411,2.25
16899,2.95
64308,4.65
39589,1.75
43305,1.55
15462,0.85
34141,4.4
8825,1.6
74158,3.95
8966,1.9
16985,3.35
83815,3.3
7115,3.7
35279,2.3
52574,4.95
21202,0.75
9370,3
49053,2.1
65982,2.75
8344,0.35
74766,0.35
3372,0.7
42404,1.7
61447,0.7
19266,3.4
78512,2.55
63419,2.7
11715,2.6
11153,3.7
46907,3.9
1123,5
59344,0.15
16261,1.55
2196,1.4
23411,4.4
20015,4.15
32103,0.7
14310,1.05
45514,0.65
64546,4.9
19089,1.55
30779,4.05
29741,4.4
31874,1
42200,4.5
64846,2.5
28314,3
36354,0.5
22746,0.55
9103,1.25
10813,4.8
70825,3.55
19807,4.15
6984,3.6
2033,1.15
76861,0.95
53556,0.25
24865,3.4
76454,1.85
18573,0.5
20973,1.7
13165,4.85
76693,2.35
6757,0.35
81652,3
14744,1.85
39442,3.65
67115,1.75
12415,2.65
53503,4.9
50664,1.5
11813,2.35
2680,3.3
751,4.8
32379,2.9
57241,3
74682,4.2
25627,4.85
66965,2.6
81708,3.7
16377,0.2
1792,4.85
76203,4.15
22839,3.2
59974,3.5
5026,1.6
19213,1.3
58964,4.2
22258,0.9
77477,0.1
64972,2.05
72122,4.3
25134,4.8
72643,4.2
41071,2.05
3252,1.25
45481,3.85
58383,4.15
83530,1.15
68908,1.95
34072,0.05
24537,4.95
36912,0.8
39509,1.65
23262,4.75
60742,3.65
45928,1.5
61661,2.25
80458,2.45
13368,4
78800,1.25
72404,0.3
59617,2.75
6492,4.85
79454,2.05
39320,0.2
77446,1.85
46723,0.6
26502,2.8
34286,1.25
45768,3.05
15084,3.1
10866,4.5
66615,1.5
10270,3.35
80194,4.45
55788,4.1
19596,4.15
8275,1.5
68358,0.45
63817,2.7
84962,4.9
10121,1.9
5071,0.65
5386,0.55
2561,2.65
21318,1
37749,3.1
80279,3.95
63098,4.05
53232,0.85
10207,4.9
9528,1.35
65307,4.3
32961,3.4
32891,2.9
55856,2.05
68935,0.8
55709,0.95
39001,0.85
79639,3.45
30029,0.3
3422,4.7
62333,3.4
10851,1.3
28358,3.35
76379,2.6
51073,0.65
43969,0.7
52225,4.9
40930,2.35
5980,2.25
23291,0.35
24303,2.2
36138,1.55
79750,4.5
3105,0.5
62488,1.9
12868,0.6
66901,4.2
42540,3.4
82032,1.9
20720,4.55
66367,4.9
7850,3.95
32792,3.35
61233,1.85
9161,4.7
68356,1.6
78292,1
34119,4.05
60322,2.85
57246,3.8
22040,3.1
75097,0.05
24237,3.25
36565,1.25
76485,4.5
64223,0.05
66348,2.6
55910,3.85
41235,2.5
9500,5
56452,0.1
69405,4.95
69628,3.25
58576,4.6
72119,3.85
34266,0.75
44694,2.1
81069,1.5
4924,3.95
70852,0.55
14993,2.05
25587,4.75
36850,2.6
19061,4
48838,3.6
28888,2.8
67785,1.8
76289,4.05
676,1.9
36668,0.75
79350,3.45
7843,2.85
35673,2.2
4090,0.35
22176,0.1
79615,2
77387,3.3
51829,2.9
75679,1.7
33952,4.45
56132,1.05
77643,1
76350,1.7
15475,0.55
19502,2.75
21547,4.4
41778,0.75
60804,1.5
73543,4.9
9328,5
53300,2.8
50359,1.35
24353,0.55
70876,4.8
10816,0.5
82961,0.9
73111,4.55
18339,4.95
55135,0.55
5592,0.6
475,2.5
23574,1.75
65509,3.6
24810,1.5
52006,4.4
15144,0.25
60320,0.85
63258,4.05
83632,1.45
901,0.85
46365,1.1
38017,3.5
59110,2.9
21925,2.5
63752,0.2
48212,3.7
21137,3.85
17170,4.4
17475,4
46309,1.55
69086,2.1
83078,2.2
38141,2.6
36990,2.95
48179,0.55
9117,2.5
10988,0.75
50675,4.7
59015,2.5
18798,0.35
72320,1
50636,1.9
57019,1.55
66195,3.3
73064,3.05
49542,2.75
60379,2.35
3343,3
15582,1.7
44023,3.6
17919,1.75
23782,3
41674,2.75
16514,3.8
11814,4.05
73287,1.65
32300,4.2
53517,3.55
39941,1.45
11577,2.1
74612,3.25
84165,0
27025,0.15
32320,4.6
80249,0.4
51799,0.55
4042,2.5
83913,4.45
31588,3.45
47344,1.45
68886,1.9
84769,2.2
61311,4.2
56868,4.25
72215,1.2
54015,2.75
83519,0.7
45767,0.95
18629,0.9
7457,2.9
6438,3.5
68511,0
18991,1.7
6310,5
83615,3.45
28203,4.35
6227,2.85
67091,3.25
73712,1.1
12243,3.55
62838,3.55
61278,3.8
61221,2.2
78866,2.65
63570,4.1
82360,2.8
27128,2.35
78278,3.1
26764,1.45
66646,2.05
38828,4.3
80719,4.75
24264,3.85
34114,2.15
21927,0.1
31593,0.35
30517,0.7
60036,0.05
44627,3.05
36375,0.65
39126,4.05
67075,0.05
38457,3.45
48428,4.3
27199,0.95
15300,4.95
30525,2.7
18245,4.35
29039,1.85
52970,3.45
84510,1.35
17062,1.6
13541,1.65
22695,0.35
54008,0.45
5684,0.7
31213,2
47248,0.55
59029,1.7
30822,3.15
40785,1.5
73041,4.35
36442,2.75
54908,2.85
63355,2.85
39671,4.9
12943,5
53237,4.1
21229,3.5
45976,3.2
24116,4.8
26709,3.45
33822,2.6
59072,4.35
5181,2.45
66801,1.05
26171,3.65
4314,0.8
83644,3.95
36733,3.9
78213,0.3
32752,0
60191,4.65
31518,1.65
37601,0.3
2871,0.85
59406,2
1832,2.55
38867,3.6
44671,0.9
46095,2.55
26453,3.95
56260,3.25
14578,4.35
76109,0.5
29285,2.8
70278,1.65
54288,3.85
56020,1.25
456,4.5
24292,2.65
17708,4.6
20358,3.9
82616,2.8
78377,4.85
28333,4.65
59121,3.75
55278,1.4
244,0.3
3923,4.95
77126,3.6
34453,0.65
11553,2.1
59644,3.75
22480,4.65
30363,2.9
1,3.25
6731,2.05
59874,0.6
55960,0.1
57828,4.15
14220,0.1
83340,2.1
71601,3.35
61028,0.45
31817,3.2
82105,1.75
63526,0.95
81983,1.7
81897,4.8
44263,0.2
63314,2.3
40935,1
83143,4.55
20168,2.65
51504,2.75
17992,1.5
57240,0.65
64697,3.5
70695,1.55
24737,0.65
18051,1.7
25217,3.1
9995,4.8
18767,3.4
17608,1.4
904,2.25
17851,2.65
60211,1.95
82286,3.2
8135,1
3482,3.7
74724,4.15
66529,1.45
48477,4.7
52116,3.85
32643,0.3
78978,2.25
72379,4.85
16570,3.95
40652,1.25
43601,2.9
48247,1.05
40530,4.3
31151,2.3
1292,1.85
63397,3.3
67772,4.6
13202,3.75
11522,3.35
45945,4.85
6567,2.3
75116,0.5
35923,3.1
32429,4.8
79286,4.95
57402,2.75
60196,0.45
27836,4.75
82742,0.8
3501,3.55
14432,3.1
77550,2.65
6329,0.15
79377,1.35
9151,0.8
3706,0.95
37080,0
6074,4.7
49893,3.45
72107,1.65
6872,1.7
6353,3.45
10733,3.8
34922,4.65
80267,0.45
84004,1.65
1344,4.1
78015,1.3
19513,0.25
71525,2.7
66220,0.45
47360,2.45
31911,2.4
19531,2.95
27190,3.25
63573,0.5
51788,4.15
53996,3.4
30632,4.1
82123,2
29901,4.65
77549,2.4
18406,3.45
28134,3.05
14967,0.65
39005,2.55
2794,3.55
69827,4.9
83754,4.05
41061,3.7
11755,3.8
68827,2
12533,2.95
57046,1.55
5708,0.45
63876,2.3
5652,3.7
55032,1.35
33948,1.6
61087,4.25
4258,4.9
69415,2.6
33524,1.15
34075,2.95
16904,1.95
71670,4.55
25253,1.85
6362,0.7
1198,0.35
76295,0.7
79268,0.7
78682,3.95
81924,0.4
28154,3.3
8635,1.05
17,2.6
49078,3.3
31014,3.45
8632,0.55
27544,1.95
6825,0.65
10566,2.55
47543,1.2
46694,1.45
57882,1.15
65902,1.75
60300,5
13051,0.05
49099,1.7
68720,3.4
4409,2.55
25086,1.65
75327,2.3
48636,3.9
38444,1.35
75855,3.3
37281,1.15
1044,1.75
40556,4.75
68135,4.6
1777,2.15
3532,4.5
5942,0.25
60032,1.5
82318,2.65
62335,1.8
80387,1.75
73217,0.25
80062,1.9
19169,1.7
51579,0.6
12007,2.9
73503,4
52413,3.25
72156,5
55498,0.15
19067,1.05
19866,0.9
60068,4.9
8995,4.85
28067,3.6
73512,4.6
66292,3.35
75149,0.05
17757,4.8
52107,2.75
28699,3.95
9200,3.5
24062,4.35
254,1.15
5312,4.2
73229,1.3
78959,0.25
30935,2.8
40743,1.4
34963,4.2
84542,0.15
70029,2.7
46082,1.45
79679,0.5
75955,0.45
53455,0.05
31130,5
26969,0.05
22562,0
47195,4.2
15967,2.4
30123,2.2
56921,3.5
6469,1.5
21099,4.3
40475,0.5
21267,1.25
46101,2.2
35545,2.3
81048,3.45
52350,0.8
58139,4.7
67392,2.85
78211,3
77345,1.05
72010,0.65
72658,1.1
63995,3.3
37391,2.15
76205,3.5
62213,3.5
8722,1.95
17219,0.75
28929,0.35
8543,3.35
16494,4.55
47431,1.1
60443,3.3
54519,1.4
12653,1
72987,0.1
40670,2.65
67833,3.4
9584,1.55
3383,1.95
41233,3.2
53316,2.3
15140,4.4
35720,3.4
13343,4.95
43602,1.75
63814,1.75
80577,3.2
68684,0
20131,1.1
28269,0.8
39043,2.5
59626,0.85
7828,4.8
52820,0.2
6061,3.25
74385,0.5
68220,1.75
57782,2.25
11550,3.85
66454,2.6
79681,4.65
60094,1.55
71058,1.5
37690,1.4
78571,1.3
30447,0.35
32603,1.65
65305,4.7
61536,2.75
79708,0.75
249,2.1
44378,4.9
49193,4.5
62415,2.25
6146,1.85
69726,0.65
9471,2.9
47286,0.9
50740,1.25
54130,1.65
67912,1.35
73634,1.35
55588,0.95
69786,2.75
18044,1.05
68955,3.25
43165,1.7
48468,4.75
61944,0.45
50279,3.05
30967,0.85
4196,2.65
53426,4.8
18287,0.7
33587,1.65
4741,3.7
80256,1.5
37437,1.65
3153,3.15
79128,3.8
32164,4
42635,0.4
13662,1.05
22725,4.4
56331,3.35
47654,4.2
78378,0.05
70216,4.65
547,4.55
15135,2.9
10842,4.2
81531,0.65
65272,0.1
17123,1.2
38221,0.4
54095,4.75
81230,4.45
25853,2.9
48201,3.55
27618,4.05
79925,3.55
11899,3.15
45807,2.65
15283,0
40770,2.9
59217,4.65
1302,5
50157,3
7649,0.1
69670,1.1
29259,1.75
31835,0.55
30936,3.5
14092,1.4
10000,4.25
56886,0.95
74470,1.25
70522,1.9
23018,0.55
45795,3.5
37754,1.5
42271,0.9
30013,2.2
2357,1.3
66561,0.5
27315,1.1
38177,0.55
31227,3.55
46335,2.85
11920,0.7
18716,3.35
26706,2.7
64964,4.2
55695,4.1
31490,1.25
80703,1.65
55264,2.75
57522,2.6
28608,1.5
21959,2
22068,1.55
16400,2.75
28519,0.6
68546,1.45
25547,4.6
12207,1.2
15274,2.75
72406,3.15
67702,2.3
37715,1.75
15417,1.95
67576,2.6
40071,0.6
52021,1.7
6243,2.45
24676,4.55
32662,3.05
34178,2.7
52462,1.95
22572,1.95
54199,3.6
26254,1.15
691,0.2
27723,1.2
12334,4
14944,4.15
61811,1.5
47600,4
70075,3.55
76953,4.2
77753,2.05
19321,0.85
70130,0.65
39981,4.9
44609,2.8
71139,4.9
17550,4.95
48458,0.45
5338,0.5
64208,4.5
84513,3.35
54349,4.3
25942,1.4
65518,1.9
56370,5
5770,1.2
65411,1.85
65665,4.95
47783,3.5
78878,4.5
39375,1.35
3794,3.65
30642,4.55
80483,4.65
7757,3.2
39553,1.25
36325,2.75
31008,4.45
75249,3.95
36491,4.85
84927,2.55
53100,3.8
44123,0.6
53089,0.4
10028,1.5
76675,3.25
31115,2.4
3358,2.2
52377,4
71849,2.9
79734,2.8
71992,1.3
59222,4.8
46122,2.2
18886,3.3
39153,0.4
2757,3.7
58109,0.1
57322,4.05
55821,1.15
10412,2.5
71355,4.1
3056,0.55
25583,1
71667,0.4
30410,2.6
65590,0.8
10828,1.8
60692,1.6
68640,3.3
22575,3.25
43766,5
73527,1.05
50368,2.6
545,3.75
20261,2.5
12710,3.8
48746,0.85
51063,1.65
49081,1.7
52277,4.4
61580,0.45
47632,1.15
21934,4.35
72030,4.85
77127,0.45
43574,0.1
12215,3.8
3554,4.75
48754,3.35
2006,3.25
53699,3.7
62059,2.5
78672,3.95
64139,3.45
14079,3.05
32364,1.45
72157,2.45
83131,2
19681,2.2
58852,4.4
52482,2.3
56982,4.6
47394,4.75
13952,3.4
29804,2.6
66314,1.05
12619,1.4
44877,2.25
45744,0.6
18921,0.7
6951,4.9
2061,3.5
42495,2.15
59603,0.3
2737,2.5
76555,0.65
69393,1.4
34074,1.7
81655,0.5
52749,2.55
82757,4.15
17377,0.9
68195,0.15
38295,4.85
34978,3.05
77828,1.95
69451,4.8
34594,2.25
16285,3.15
59726,2.7
74389,4.85
11794,2.3
51035,2.8
74036,0.55
75893,2.9
27963,4.35
53289,0.25
57547,1.85
46490,3.55
71321,4.75
27999,2.05
41794,1.65
29357,0.65
61709,4.15
12942,3.65
55513,2.3
21852,1.3
59781,0.95
18946,1.15
34723,0.8
64109,1.6
77883,1.4
54422,3.55
56896,4.95
48857,3.85
10911,1.2
3896,4.85
6485,1.75
47026,1
17789,3.3
47396,1.1
76732,0.35
11225,3.5
60694,3.85
42879,3.2
82547,0.3
730,1.15
43034,2.85
30636,3.8
74015,2.55
51086,1.3
11904,4.95
29207,3.7
21471,3.25
54701,4.15
17187,3.55
35182,1.55
20307,1.15
48153,1.65
63630,1.4
26769,4.2
20118,2.15
7500,1.6
75604,3.35
29237,4.85
69614,0.35
59783,3
32757,1.5
16257,4.85
72729,1.6
66906,4.95
64886,4.1
22618,1.5
44991,0.7
69274,1.55
50602,1.85
49836,1.95
53008,1.3
4431,3.25
18325,3.65
70739,2.8
56032,4.05
80783,1.35
45877,3.7
64717,1.05
68740,0.45
42156,3.95
44379,2
48782,2.35
24095,0.6
7794,4.4
26080,0.95
68519,3.05
12899,1.5
25078,1.6
44597,1.6
46726,2.65
34314,2.2
27148,3.15
27081,2.1
65203,1.95
13207,4.85
72371,2.55
36094,0.85
83120,4.9
79965,4.95
62259,2.85
5268,4.9
51770,4.95
3658,2.65
71526,4.15
46214,0.7
34704,3.95
24413,0.8
3976,3.7
5880,1.15
58946,0.35
58457,1.45
41414,0.45
55604,1.4
84958,3.45
40706,2.3
51980,3.75
43336,2.65
23539,1.9
31201,0.45
41179,1.3
81526,3.6
66082,0.9
39765,3.2
79472,1.3
82728,4.2
14383,4.15
11858,4.6
8714,1.6
5356,4
3522,3.05
78601,3.25
34288,0.45
67582,0.05
27756,1.55
705,3
73966,2.75
62609,4.3
19138,0.25
37879,4.15
45307,5
63183,0.25
17966,3
39996,4.3
10719,4.15
35192,4.45
37819,0.6
2162,2.75
60351,2.95
28111,3.35
3688,0.4
29271,0.8
14676,4.25
42064,2.95
12762,1.65
48990,4.15
15568,3.35
54690,1.7
56295,0.35
26334,2.1
1927,4.9
75250,0.7
21316,2.7
59495,2.4
64318,4.25
10149,0.5
45101,3.85
55981,1.65
62772,2.95
2976,4.1
11113,2.05
23070,1
13196,0.4
58313,4.05
74144,2.5
21597,2.6
49485,0.2
47989,0.65
47171,0.1
44857,4.55
52050,3.9
44327,0.9
12629,0
59127,4.05
79953,4.15
25162,3.7
3550,0.15
46835,3.25
35878,2.7
73493,4.3
81213,1.5
44105,2.85
17922,2.4
52242,3.95
26388,2.2
49486,4.75
31481,4.65
62734,0.95
46314,0.4
14861,3.3
76208,0.15
6295,1.5
80078,1.8
70830,1.25
54632,5
60178,4.45
64894,0.25
83056,2
39976,0.25
63094,2.05
30015,4.85
20775,4.6
28395,2.7
76635,3.9
48788,0.1
81852,4.7
33491,1.2
47875,1.4
44314,1.8
21911,2.1
48414,2.05
57156,1.2
56069,2.25
54488,3.75
17190,2.45
68776,1.75
74579,4.65
65868,2.9
43126,3.65
27173,4.45
34019,1.9
53473,4.05
9689,0.75
35224,0.8
13497,1.4
22124,3.9
84246,3.05
42984,3.15
85106,2.85
59021,1.4
27481,2.9
8255,3.75
7838,2.2
44180,4.2
26743,2.65
41304,2.35
20410,3.75
8601,1.25
50252,0.9
12263,4.1
6140,3.2
71458,1.7
51109,1.35
19407,3.4
61523,4.3
44111,2.8
73008,1.6
83758,1.45
33144,1.5
81130,3
5027,2.55
3789,2.2
51846,1.5
29619,4.2
52017,0.5
51448,1.65
37925,1.5
28024,0.75
31185,0.55
46107,0.9
63344,1.7
37211,1.95
79547,0.65
40035,2.9
18983,2.15
13770,5
23034,1.45
4396,2.4
63404,0.3
73506,4.1
72369,0.6
71951,2.7
46950,1.35
51736,1.35
13085,0.35
27121,2.5
26236,3.85
59730,3.1
16341,3.8
59401,0.5
65128,1.3
33648,3.65
59049,1.6
73160,3.45
11962,0.55
14172,1.35
29728,4.65
62127,0.65
23188,2.65
40284,1.6
53783,0.25
60820,4
20369,2.3
16986,2.9
48907,3.05
21359,1.15
1926,3.8
29567,2.45
35628,0.35
63356,1.6
80637,4.2
82834,0.35
18788,2.35
67266,1.05
54750,4.15
39878,3.4
10962,0.4
9453,3.45
28016,4.2
15790,3.4
59210,0.1
30699,1.55
2036,2.75
83814,2.8
79934,1.5
13071,0.05
16302,3
66898,2.7
63761,2.6
25402,4.5
36114,0.35
31221,2.5
76709,0.15
71212,3.75
35754,3
70007,2.25
44159,2.95
64108,4.45
8929,4.45
48721,3.5
44540,4.9
42453,4.95
8516,2.2
4491,0
60313,2.25
51407,4.95
8338,4.35
80388,3.7
46399,3
79498,1.35
39159,3.9
66432,2.4
70189,3.3
45603,1.3
65926,1
82028,4.35
38289,1.55
60969,1.85
38428,2.55
52253,2.55
62097,3.75
2104,4.35
14337,0.55
39469,0.45
15750,3.9
4278,3.9
6703,1.15
37071,0.65
33556,4.05
12309,0.1
75467,3.55
35773,4.25
42924,4.1
28190,3.2
68056,2.15
47535,2.2
17147,4.7
55867,4.45
7703,2.55
22032,3.55
14586,2.3
27818,0.35
10598,0.35
76514,3.3
80622,5
45114,4.95
72748,0.85
28539,4.55
83093,4.65
53135,4.25
34004,0.5
2149,1.4
13812,1.8
83295,2.75
48098,5
5955,2.9
52066,2.55
11744,2.2
27142,4.15
59328,0.55
70918,0.8
72334,0.25
23122,4.75
39155,2.3
36667,2.4
3510,4.65
70275,0.95
64454,1.1
24872,1.6
56179,1.55
56058,3.4
21788,4.15
41359,4.7
23683,1.8
48700,4.6
31010,3.15
1221,2.1
66393,4.45
2072,0.75
2509,4.3
77408,3.1
45639,3.5
72111,2.05
44281,1.45
37449,4.4
28407,2.05
67062,4.1
27694,1.4
4256,0.1
41080,4.15
39167,2
49207,3.6
14743,1.75
77952,0.7
40718,3.25
75812,3.45
81844,0.75
22407,1.4
80406,1.25
44323,2.4
40825,0.15
40209,3.65
80209,1.85
53180,3.5
64443,3
5376,2.35
916,0.1
26763,3.3
33913,2.4
38169,1.15
53353,1.6
68872,0.45
28534,3.05
65248,4.15
66691,0.4
7107,1.2
39858,2.45
57645,4.95
3222,0.6
43725,1.35
17095,2.25
76331,1.25
71441,0.9
19905,1.1
76279,4.45
46032,2.6
39229,0.3
38151,2.2
74495,4.8
60111,3.55
4567,2.05
16809,4.85
40238,1.55
1097,0.15
84178,1.35
59212,2.4
2127,2.5
13185,2.55
18516,4.55
71657,1.75
7412,3.1
50575,0
62529,1.5
935,0.75
3883,0.7
46445,1.25
2614,4.6
37867,3.3
12829,3.65
44705,0.45
15560,4.5
69796,2.6
10239,3.05
73933,4.8
84099,4.7
12755,1.3
73620,3.7
69776,3.45
31562,4.65
58979,0.55
21489,3.35
71346,1.35
61140,1.45
39733,1
20852,3.2
56158,3.7
81521,1.05
19112,2.1
17620,3.25
27515,1.8
42631,0.5
12384,4.45
56087,3.15
72985,4.45
24986,3.5
27788,0.65
29372,2.25
4649,3.8
66836,4.55
24298,1.7
42311,3.9
49973,0.6
25782,4.4
36122,0.7
58635,1.3
64097,2
76929,2
32134,0.25
40487,2.65
7100,0.3
36483,3.5
41836,3.7
884,1.3
73277,0.75
74538,2
70446,0.2
48363,0.05
45427,4
44146,2.35
65406,1.55
63916,2.5
25737,4.35
70721,3.65
56225,1.6
81923,4.3
11433,0.35
34012,2.75
49574,3.8
7881,3.6
60100,2.5
27693,3.95
31027,1.75
79600,2
32455,0.2
61706,0.25
19059,3.7
81330,2.8
19481,3.45
10215,4.05
71394,4.35
70626,0.95
53992,0.8
12526,1.45
55122,1.4
14339,4.3
66839,1.8
25185,2.45
40254,4.7
16520,2.4
39515,3.15
31594,3.45
22501,4.15
47590,2.85
61743,0.3
54849,4.3
61176,0.85
53764,4.7
77646,1.1
67573,4.7
58100,1.8
21037,4.25
36783,1.45
66554,0.05
74845,2.65
48702,1.9
56427,1.5
3417,4.7
74460,3.8
25341,4.65
38922,4.25
42780,4
39983,3.1
51664,0.3
80788,2.85
17804,3.3
13863,0.15
39178,2.9
19327,2.2
79476,3.7
57424,0.55
47841,1.4
43242,2.2
25588,1.4
24938,4.55
60058,0.85
26972,2.75
28586,1.2
51276,4.5
48017,1.95
38200,0.2
76941,3.7
20672,4.05
37493,4.8
53792,0.75
40386,0.25
32903,0.4
82907,3.95
61591,2.65
52695,3.6
27037,0.2
55996,4.1
57400,3.95
75832,4.25
24138,4.95
78341,2.7
48680,2.9
35424,3.85
14352,4.2
42048,0.95
71836,2.75
19804,3.1
15878,1.7
16984,4.95
81669,5
9743,0.6
49971,4.4
24750,3.8
35634,0.9
19726,3.8
39374,4.2
36447,0.7
60285,3.7
7998,4.75
19194,0.4
38071,4.2
35180,3.75
52596,2.75
27674,4.5
14330,1.25
53898,2.5
35655,3.8
16859,0.2
14502,1.8
47056,2.2
69570,1.8
6282,4.35
22085,4.4
15011,1.15
53161,1
82815,4.05
5911,2.1
25607,4.7
1942,0.5
31542,3.65
61134,4.2
68836,2.85
80654,4.6
30000,0.35
17183,0.45
15931,3.35
516,1.9
39446,4.05
65480,4.45
40754,0.55
78399,2.5
69676,2.35
2980,3
79964,3.2
61190,1.9
47893,0.35
80269,2.9
81788,0.2
58556,2.4
63413,5
63508,0.7
30183,0.75
25360,0.5
83205,4.4
15629,2.1
77638,2.7
73324,2.75
45387,4.15
14130,2.7
47818,4.15
37828,0.35
69878,2.05
44551,0.35
68482,3.85
70150,0.75
74383,1.8
73421,3.7
59318,2.7
82991,0.8
29671,3.05
77401,3.95
70960,4.9
32824,4.7
64637,0.75
52957,0.45
43234,4.8
71049,0.45
19740,3.95
7785,0.35
17792,4.55
28954,1.05
35379,2.7
70793,4.8
48639,2.65
22635,4.4
70188,3.3
32170,1.15
80877,2.5
65037,3.45
55251,1
20064,2.55
37509,4.35
53182,3.45
48366,3.6
3660,4.15
19016,1.5
83936,0.95
69529,3.95
71826,4.15
73984,2.4
29073,4.6
22086,1.7
59240,5
45846,0.15
19845,4.5
9813,1.8
36915,1.55
11028,2.65
19643,3.25
28736,1
65408,2.65
72289,0.75
17754,2.1
23945,4.35
82323,3
27955,2.4
47104,1.95
42045,3.15
45862,4.6
16688,1.7
74666,0.7
24073,4.35
58982,4.95
74290,0.25
47731,3
58207,3.1
53341,3.1
17325,4.8
67752,1.45
47036,2.15
23855,3.95
18172,0.4
81154,1.2
25974,3.7
66421,2.15
29686,3.5
61842,4.4
51497,0.85
53389,4.6
51088,2.5
35962,3.85
71098,0.2
12698,2.9
49347,1.55
6888,0.9
42985,0
31525,2.4
49909,2.45
50343,2.8
47729,2.8
84915,4.35
2201,4.25
5088,3.1
44075,0.35
48194,1.65
70042,1.6
18560,2.5
27467,1.75
21495,1.95
77307,1.5
67284,0.75
52893,1.2
44819,4.5
35455,2.1
54127,0.55
35185,2
70046,0.15
47662,1.9
61004,4.9
12359,1.95
26821,4.95
36598,3.4
32534,2.6
43548,1.8
57282,4.2
2245,4.25
10115,4.2
78363,1.45
11457,1.25
58997,1.5
52926,4.8
84916,2.95
51853,4.9
18390,5
37104,0.9
14545,2.4
17427,0.55
41946,2.1
71183,4.45
18121,2.95
83807,0.75
51419,4.2
53467,3
13609,0.8
58794,4.2
22897,4.6
25334,4.5
64981,4
34864,3.7
12571,2.9
61329,2.15
70783,2.55
65904,2.65
77560,4.35
31833,2.6
5937,2.25
4780,2.6
35917,1.9
33247,2.2
9599,4.1
11467,4.8
22284,2.4
4426,4.15
7480,4.75
26641,0.5
39751,0
75634,4.2
49750,1
17125,1
74862,4.35
58261,2.75
32873,2.25
51252,0.55
16415,4.15
24313,3.05
43802,2.25
43359,2.7
80752,4.9
49407,1.3
5228,1.15
62705,2.7
69055,0.9
33102,3.2
17406,2.75
68883,1.65
57468,1.25
35772,3.9
45161,3.65
59704,0.2
28455,0.6
75983,1.95
66859,1.95
84352,0.7
44654,0.4
79921,4.4
34583,0.4
80039,0.1
17809,0.05
74878,2.1
6114,1.55
40023,1.3
41112,2.05
38620,2.3
17635,4.25
84534,3.3
78746,2.05
41328,3.35
41508,2.85
36791,0.75
66205,3.05
75781,2.2
5899,1.65
63665,3.5
26591,3.4
26377,3.95
35854,3.05
15244,0.7
7310,0.8
65629,2.9
24668,0.2
49278,2.65
15595,0.8
41027,2.4
78200,3.15
24965,4.85
54096,1.95
27808,2.5
51885,2.35
32484,0.85
47777,4.7
16153,1.75
66974,4.6
20541,1.75
30376,0.85
29914,1.7
12477,3.25
67467,0.2
17003,0.2
45471,4.05
84288,2.3
8258,0.35
49649,2.05
27437,1.75
18311,1.55
43482,1.2
55822,4.7
7525,4.75
1210,0.6
39565,0.05
23557,2.65
38865,4.75
48630,3.45
6049,1.6
77130,4.65
12445,4.25
32699,4.45
32222,2.25
13242,4
62783,2.7
845,2.15
69283,2.35
59999,2.25
53404,2.8
2635,3.45
57444,1.05
41229,2.25
58644,3.15
2320,4.25
9749,3.55
48605,3.95
64513,2.7
58904,0.85
55336,2.7
11581,0.75
67508,4.2
79531,4.7
62398,0.9
70718,0.15
25232,3.15
77305,3.1
57929,4.6
52138,4.95
73838,2.75
79313,2.55
25867,3.2
22213,0.05
84751,4.1
20935,2.85
39208,2.95
46624,0.5
61483,3.65
25572,2.05
38418,4.35
56173,0.45
37645,2.25
35167,4.55
50939,4.05
3881,3.45
50701,1.25
2421,4
2025,0.2
36822,3.2
36411,3.6
39324,2.7
7248,0.9
8477,4.95
67418,1.8
18854,3.3
36013,4.45
24433,1.45
1166,3.65
12438,1.6
52831,0.15
18482,2.5
9301,2.35
40966,4.1
60456,1.5
81684,2.3
38460,0.95
10455,4.8
13519,3.1
85107,4.8
8897,4.1
55988,2.3
71911,1.35
54385,0.8
78493,2.9
41272,0.3
59816,2.2
79434,4.5
1938,3.3
18217,1.45
22039,3.55
85233,2.2
37130,4.85
55785,4.85
30488,4.7
42601,0.8
44384,4.5
6790,0.1
11001,0.25
35413,2.3
49958,1.75
37400,0.25
35477,3.7
29115,2.7
44249,1
12844,2.5
9804,3.45
66989,2.5
71380,0.75
14277,5
26552,3.6
25992,4.55
58214,3.35
39140,1.3
72346,0.4
24519,0.8
51087,4.2
45536,3.2
25294,2.3
43991,1.75
68331,0.6
33319,2.5
71717,1.7
1719,4.85
26104,0.35
25857,4.75
36029,4.65
59682,0.75
11309,2.05
59119,4.2
48119,3.65
13462,0.55
6115,1.9
51175,4.6
26271,2.15
14487,1.95
41295,4.35
12455,2.75
45943,2.05
24971,0.55
29196,2.8
36721,0.85
79394,1.45
58436,4.25
4964,0.4
77676,0.1
84397,3.8
66928,4.65
22742,0.55
74398,4.45
58628,0.35
1882,1.1
29283,0.1
40407,4.35
13069,1.05
69016,1.1
34899,0.2
56182,2.05
67896,0.9
65427,3.1
69681,1.95
58473,3.65
10626,0.2
78345,1.65
55428,0.8
40620,1.05
25641,4.25
84202,4.75
45478,4.05
2536,3.3
6345,3.25
65416,2.6
63845,3.25
39623,3.15
79120,0.95
17432,1.5
77704,2.15
37189,1.85
17034,3.7
28127,1.9
2993,4.15
84377,4.15
10725,3.7
80607,2.6
33324,2.15
59985,4.4
44503,2.2
32543,3.6
22048,3.55
70756,3.15
76488,0.15
55576,3.3
24772,2.5
27855,2.55
22218,4.8
62757,0.5
56424,1.8
59877,0.2
38163,4.15
30426,4.65
55858,3.35
71467,1.95
2903,0.9
51936,4.65
29036,1.5
53967,0.3
64135,0.25
14903,4.1
4545,4.95
80526,3.7
62799,2.7
26809,0.35
1796,4.1
47767,1
1982,2.5
24524,3.65
10306,4.75
77913,1.95
24575,1.15
19751,0.35
81697,2
55091,1.4
84886,3.9
43582,1.55
21776,2.9
28354,4.3
32688,1.55
22212,4.05
76417,1
12922,3.35
14059,0.65
62243,2.65
67661,0.65
28385,0.15
74348,0.25
56752,1.05
72576,4.45
23129,3.2
27177,0.95
44427,4.9
82022,0.15
20205,1.8
60418,0.55
21142,2.2
53189,2
9441,3.6
54588,3.95
21013,0.65
28043,2.95
25082,2.9
59953,2.1
27747,3.9
69440,1.9
54043,4.35
49547,1.05
1512,2.3
82483,4.1
48520,1.85
30477,2.9
63481,0.1
35401,4
21482,0.3
54782,0.25
6107,2.2
41176,2.75
81215,0.5
79096,5
30781,0.3
72051,2.35
17652,4.9
79693,2.7
3433,5
31135,3.65
39291,4.05
805,3
3937,3.85
76354,0.5
38117,4.65
2275,4.3
15796,2.1
46878,1.9
62525,0
21865,3.1
15818,4.8
23773,3.55
28199,4.6
73643,4.45
28904,2.9
50224,2.25
55791,2.1
70521,0.15
76950,3.1
41809,4.35
18265,4.55
69566,0.85
47288,2.05
37055,3.45
34416,2.3
11060,0
75040,1.75
9106,2.75
49502,4.95
61256,0.75
20942,0.05
53622,1.1
53676,2.9
16658,5
62086,3.6
17609,1.45
66553,0.6
72311,4.6
37257,1.8
16151,1.9
13846,4.15
22792,5
79022,3.95
56094,3.5
16437,2.8
76191,3
14968,2.8
1320,2.5
67101,2.75
998,1.6
31880,1.7
50726,0.45
62262,1
39681,3.1
70298,1.3
37007,1.25
80953,2.55
6181,2.9
15561,4.65
39400,4.1
82912,0.65
69225,2.95
72239,1.2
64711,0.4
55935,0.4
75260,0.35
77921,3.25
76818,2.45
41415,0.85
19495,3.35
44320,1.1
15935,0.6
48011,1.35
37561,3.35
76741,0.05
71430,3.5
48803,2.65
44497,0.45
20407,0.75
80052,0.55
17921,1.35
11635,0
33325,2.45
78214,0.75
43771,2.6
17568,1.5
46187,4.05
70454,4.95
67236,3.55
32174,1.1
29053,1.3
14027,2.8
25011,3.25
74443,2.55
12232,2.75
9014,0.35
6772,0.3
39853,5
39714,1.9
45366,1.55
3258,1.35
23961,2.2
18140,4.45
59858,1.85
47620,1.45
51840,4.7
35876,2.7
48868,4.75
85047,4.9
73083,3.15
55700,1.15
71755,4.35
15788,2.3
4423,3.35
59135,2.6
37811,0.3
43656,4.75
61572,3.45
82709,3.3
43364,1.9
19678,2.8
79662,0.8
72937,0.4
82173,3
42945,1.25
77412,2.4
49164,0.4
39571,1.2
47486,3.3
37147,2.4
29824,0
68822,2.6
30993,4.65
42162,0.55
80479,3.5
18469,1.9
15740,0.1
54901,3.2
49944,1.6
42707,4
51353,0.55
34047,4.5
67110,4.95
13584,4.6
20167,3.1
15638,1.95
5885,1.75
75085,2.15
30176,2.45
76226,2.55
16164,3.5
53025,0.5
27123,4.55
72241,2.7
44044,3.25
41083,4.05
7693,2.9
56960,4.5
41135,0.95
20968,1.4
25791,4.05
8104,4.1
42452,2.3
58113,1.55
445,2
69045,0.5
34296,1.2
23219,1.1
10120,3.35
73928,1.5
3781,4.15
29615,3.25
30626,2.3
8807,1.3
10167,1.7
24410,3.95
73815,2.8
24245,4.65
37736,1.1
37061,2.2
78325,2.6
28829,0.9
1629,1.25
17781,2.2
82963,4.45
8892,1.15
12175,3.85
23986,1.25
12148,5
52653,3.25
82838,1.15
30120,2.3
4727,3.85
33087,1.9
62484,3.95
48575,4.25
66494,0.7
6680,0.05
9731,4.85
20177,0.75
50796,2.25
59667,0.7
82876,4.75
69036,2.8
11424,5
24605,1.2
44415,3.6
14374,3.25
43818,4.15
28939,2.6
18755,3.45
43345,4.5
22117,3
19188,4.65
59749,4.55
22514,0.85
54313,2.1
30388,3.55
20371,2.4
16088,2
50314,1
78174,4.8
83142,2.2
5900,1.1
14776,0.35
78854,3.55
20429,0.1
67983,0.8
59445,3.15
76695,3.2
22625,3.15
35166,4
15915,2.7
64220,4.4
15657,2.75
17768,1.15
61833,1.65
53719,1.8
29060,2
3161,2.5
28300,1
29666,4.15
45682,1.9
79759,1.9
74196,5
22974,3.45
70624,0.35
71900,2.65
5255,1.15
81390,1.1
47513,1.5
60759,0.3
76999,1.15
7045,2.6
13454,3.9
8386,4.1
25581,3.3
35286,1.9
42674,4.15
61978,1.9
76264,3.25
81846,4.6
53245,1.4
54540,0.05
6681,1.5
1711,0.45
64263,2.95
65332,4.55
4639,1.05
43762,3
70691,4.45
23355,2.5
35573,4.75
40428,3.15
79896,4.05
48326,1.2
24041,0.4
42265,2.35
735,0
85056,0.25
27587,3
41741,2.5
27165,0.5
64672,3.45
60701,2.9
45836,1.5
4882,0.8
26864,0.1
9783,0.55
73865,0.3
19501,3.5
9880,4.05
23277,0.2
53125,1.5
77931,3.1
30947,2.6
6859,2
40325,0.65
12818,0.2
80435,2
44030,1.5
10345,0.15
63423,0.7
49538,4.9
38716,4.45
13374,2.15
14098,3.65
29459,1.4
10589,2.75
20001,1.1
75881,0.35
10100,4.7
49223,1.75
29626,0.6
1706,1.75
21187,1.4
60059,2.8
41087,4.25
48438,3.1
61620,3.2
25146,2.5
34222,0.5
33870,0.8
78129,1
3325,0.5
72585,3.75
48140,4.9
3721,2.9
10572,3.35
58196,0.9
84545,3.15
77897,3.5
17567,0.1
24697,4.15
354,4.2
53262,4.8
13339,4.75
31357,0.15
70023,1.6
11603,3
68339,0.75
65379,4.15
48523,1.3
5416,1.05
56661,1.2
64608,1.1
38068,1.45
47525,0.8
75253,2.8
41664,1.3
14711,2.9
75265,0.95
58680,4.15
59789,0.05
20765,3.8
28261,4.8
70559,0.85
75782,3.25
45863,4.55
66339,0.65
22517,4.9
73366,0.05
16026,3.5
76880,3.3
55385,3.75
49567,2.65
42379,0.1
78933,0.55
42128,1.75
9665,2.9
42675,1.45
29832,2.45
38021,0.85
46821,1.35
42971,4.6
79008,1.3
18697,0.55
31433,3.95
96,1.15
69506,4.8
1410,2.15
41257,4.2
27816,1.6
9326,4.3
69844,3.3
66401,0.85
39077,4.75
7598,1
72439,3.4
34687,0.35
71981,3.8
37179,4.35
19085,3.5
65551,3.5
54180,0.35
9289,4.35
80504,4.6
31902,2.85
65927,2
57633,2.8
61919,3.35
63702,0.55
21170,2.65
36516,3
786,1.8
28452,0.6
62758,4.55
7326,2.15
70821,3.1
69317,3.05
31143,4.4
36637,2.15
39881,2.2
54687,1.35
32186,4.45
1482,3.2
61545,4.35
5464,3.05
20975,0.75
34731,4.1
24106,1.45
76101,0.4
43715,1.4
58784,0
8712,3.7
5884,3.15
52940,1.35
76409,4.9
26291,2.45
22244,3.35
30959,3.8
74491,3.25
23243,3.6
20280,4.1
2207,1.6
61412,1.6
36814,1.4
8853,4.1
41331,2.85
63421,2.25
54354,3.5
47409,2.2
30286,2.1
27903,2.3
25634,0.6
16169,1.1
9413,1.95
71605,2.5
2374,1.45
66066,4.55
5011,2.35
54890,0.9
53479,1
21131,0.8
80005,1.65
61560,0.8
1759,1.5
10401,3.65
75338,1.15
8277,3.45
8464,4.35
60408,2.45
21756,2.7
33886,3.6
29490,1.35
17487,4.5
38137,3.65
79852,3.4
46163,1.8
79033,4.45
81259,4.95
16745,3.05
12638,2.4
70471,0.85
72563,4.55
60088,1.8
83786,3.45
54069,3.1
13817,3
24826,0.15
14747,2.35
73522,4.3
71959,0.4
35037,3.55
82769,3.55
53313,0.1
47436,3.45
1134,0.4
31267,1.75
58115,3.05
41089,2.9
60299,0.05
5014,2.5
53457,4.8
41286,2.85
15207,4.45
49693,3.75
33071,2.65
50722,4.75
52591,2.45
56835,1.65
32571,4.05
73336,1
726,0.8
61721,0.6
69257,2.6
35623,2.75
7764,4.25
54441,2.9
77175,1.05
44288,4.2
68524,5
7043,2.65
68026,3.35
77470,3.15
15347,3.65
16612,2.1
20509,0.3
2400,4.4
78343,2.8
7608,2.6
3029,2.75
73659,3.15
35633,3.2
69379,3.1
72845,3
62212,4.55
67259,2.3
32984,1.7
70642,1.35
21758,3.85
12077,0.8
50319,1.75
74651,3.55
74891,1.35
84938,2.1
82017,2.1
5037,1.5
76619,2.9
56992,0.55
81700,0.3
8175,3.35
53080,3.2
57207,3.75
1446,4.5
29161,1
3682,3.6
48007,2.05
67036,4.6
73469,4.4
33765,1.15
50069,0
52467,4.15
584,4.5
36410,1
1277,2.4
25438,1.6
74933,4.55
35613,4.2
48739,4.2
9954,4
25640,5
16147,1.8
58584,5
2811,2.6
49890,3.45
28838,0.3
85059,1.05
72688,3.55
41966,1.35
23208,4.8
80404,1.9
34474,4.55
22767,4.7
26471,3.7
10785,1.9
44668,0.5
36209,4
43292,4.7
7740,5
70395,0.5
51402,0.9
10947,0.5
55682,1.45
43630,0.2
71110,2.2
67976,2.35
11872,1.6
28188,0.95
74372,0.65
39431,3.25
33394,2.55
62910,4
65914,0.55
18728,0.95
20175,3.95
4789,0.7
42454,2.2
44568,0.2
83222,2.75
81958,2.6
21418,1.65
63108,1.85
61847,4.15
53210,3.4
78400,3.25
81253,0.4
10263,0.4
9354,4.15
32981,0.95
59020,4.9
62565,1.95
58082,2.1
45578,3.3
14034,0.95
58461,0.65
22263,1
48282,1.7
22278,2.4
9263,1.1
61994,2.95
39898,3.75
22539,3.4
15673,2.35
84858,1.85
68162,2
39725,1.5
59133,2
43605,4.1
73623,1.6
12996,4.15
57730,2.7
45312,0.75
65818,1.75
85042,1.8
64554,4.65
72699,1.95
39326,1.95
57318,4
75436,3.3
13201,4.45
60072,0.15
48298,3.5
60085,2.4
5287,2.2
27117,1.4
181,1.75
77242,0.75
55299,2.65
76965,3.15
40937,4.65
36989,0.9
508,4.25
52356,4
75539,3.35
10066,4
70259,0.15
73146,0.15
18621,4.25
29223,1.3
43833,4.3
3608,0.95
67931,2.05
84055,4.45
27957,1.1
35068,4.25
30933,2.5
14579,4.55
64523,4.45
53579,3.65
49796,0.15
14935,0.9
5627,1.35
75206,0.55
5589,2.35
59696,1.05
6212,4.05
13786,1.55
24342,2.9
15325,3.55
31955,2.25
10853,2.1
61963,4.1
76876,0.1
59026,1.65
46313,0.95
44475,4.6
73965,2.45
46969,3.2
57634,1.8
74725,3.65
38550,2.75
21059,1.25
78336,0.55
12511,4.2
14102,3.55
60746,5
85076,3.1
32513,4.4
57252,2.35
16273,0.75
4602,2
66601,0.65
20400,3.35
44788,1.9
79164,0.65
47658,0.1
12436,4.8
21088,1.4
49712,2.85
33827,4.95
1012,4
41384,4.95
42376,0.25
51705,4.1
54443,3.2
1596,3.95
44713,2.05
71357,2.55
5664,1.5
54631,2.2
18901,1.8
31187,2.05
54515,0.85
20896,0.65
68423,0.8
37366,1.35
16948,2.9
31688,0.2
48379,1
49959,2.55
53040,2.75
4783,0.2
13347,3.2
24902,3.6
79928,3.05
77857,2.2
82788,4
16609,4.75
28523,1.65
63019,4.65
64075,1.7
66101,4.75
44244,3.6
40753,4.6
9114,4.5
18941,1.9
31621,2.55
81977,1.55
30700,4.05
69516,3.15
65566,0.85
38680,0.05
48423,1.2
67087,4.2
80054,3.25
63390,0.9
80652,0.45
68708,0.15
14852,4.65
78637,4.6
43350,4.65
77140,4.7
20905,4.1
67292,3.5
45496,1.35
37395,1.6
68390,3.1
3867,1.65
35960,2.1
70547,1
35750,2.55
65476,3.75
52961,2.4
83932,3.3
57837,0.45
45063,3.95
43082,3.65
45485,2.65
67840,4.2
25771,0.2
52435,3.8
23498,3.55
70594,4.6
5065,3.65
5365,4.4
21123,0.2
22075,3.65
20988,2.4
123,5
58855,0.7
38238,1.7
37884,4.45
42198,3.85
10094,0.55
15233,5
34138,4.65
46979,3.25
15777,1.95
73803,1.2
33465,0
41519,4.6
12576,4.1
4148,3.55
82983,0.45
1598,1.6
6856,2.25
69954,3.65
59819,1.4
22712,0
22552,2.5
27496,2.65
16344,4.9
22721,2.85
32185,0.9
66389,0.95
78116,3.95
50969,0.45
33425,3.5
41361,4.5
84086,1.75
80029,2.95
80026,2.45
8280,3.95
1718,2.15
52298,2
15332,4.05
40852,2.2
75663,3.2
25786,4.3
55882,1.7
61484,2.05
54843,1.3
61296,4.4
36090,2.7
5543,2.35
62109,3.9
50840,4.95
78573,4.5
16145,4.45
29160,4.05
13955,4.95
29670,3
53299,2.85
5808,4.2
31869,3.2
33277,3.95
49357,3.4
40372,5
20041,3.45
61648,1.5
3766,0.75
35212,3.85
42053,2.8
5139,2.25
15916,1.6
4662,4.4
52036,0.65
51049,1.3
71102,2.35
31320,2
63021,2.4
74311,4.8
34231,1.95
61718,0.85
19265,1.1
39914,0.85
8989,3.05
35008,4.1
1088,1.3
7963,2.65
49029,4.75
83187,4.35
57291,3.75
35202,1.5
72978,0.6
6562,4.1
81633,2.45
15026,3.45
84243,1.3
14681,3.1
3975,1.85
81756,1.45
10854,4.9
3672,2.95
52819,2.75
82069,0.7
59402,3.35
57780,3.65
13715,3.65
66424,3.55
34103,4.1
53721,2.8
29430,2.5
37107,4.4
12932,2.35
65071,1.9
75487,0.1
19634,1.45
9685,3.85
38119,2
20281,3.95
76060,4.8
65053,0.35
57638,1.15
59145,3.1
7306,1.8
79810,0.9
77506,4.25
83180,4.05
76080,4
5632,2.75
22764,0.85
67116,0.9
1866,4.5
43037,4.3
74533,2.85
30614,1.35
20402,4.15
43434,4.4
60142,4.65
30237,2.5
42873,2.1
68437,4.1
14156,0.25
38491,0.75
77513,2.85
33566,0.65
32002,3
43231,1.2
77234,1
83539,2.45
44698,1.45
3103,2.2
59274,0.5
39768,0.65
19631,1.8
5701,0.05
71810,2.3
6230,3.05
28619,2.45
60325,1.7
63790,4.05
83302,3
72197,4.2
42059,4.8
78706,0.2
54230,0
28940,0.55
35094,4.05
19960,3.9
11108,3.85
4304,2.9
79050,0.65
9213,1.85
25322,0.45
67485,3.75
52452,2.85
10422,0.35
75870,3.4
7595,0.25
39904,0.8
50071,3.65
77619,0.4
63127,4.3
68464,0.05
72995,4
21147,1.45
30182,2.6
43481,4.7
83570,3.15
35285,4.15
75500,3.5
15963,3.85
81172,3.1
72581,2.1
26036,0.8
67932,0.8
59898,3.7
73430,4.8
4106,0.7
7517,2.4
36529,2.45
12222,1.45
27077,4.8
39235,5
60365,4.1
46318,3.95
173,3.15
22806,3.65
38909,0.2
65270,4
81207,0.8
8645,3.65
64138,0.85
22355,4.4
23472,3.4
67815,4.85
14866,3.8
29446,1.35
67535,2.25
16500,3.3
27906,2.85
3227,0.35
45755,2.95
62151,4.85
42235,3.7
2249,2.1
49627,2.1
85160,2.85
26559,4.15
66508,2.45
5256,2.9
41881,1.9
34736,3.2
2711,2.3
57990,2.25
70470,0.35
60391,3.3
73658,1.65
59141,0.15
77930,3.8
78431,2.9
26856,0.05
21669,4.5
12752,4.3
73894,0.75
8470,1.75
55359,4.8
24196,1.65
50805,0.95
61116,0.15
28295,2.65
29378,1.65
50436,2.5
69198,2.55
66354,3.35
18101,0.8
14543,3.6
60656,1.5
56171,2.1
75391,1.85
13758,0.45
10509,1.35
23501,4.25
7274,3
8997,4.95
22372,4.85
66122,1.75
9188,1.75
69912,2.95
75152,0.65
52912,0.45
45371,3.05
55179,2.15
14185,3.4
21437,0.3
31125,2.55
32921,0.95
75447,2.4
29090,4
24234,3.65
60659,0.45
5473,4.15
17750,3.95
72501,2.3
23035,3.85
79213,0.25
45642,2.6
25220,1.85
63769,3.55
34263,3
50528,2.75
76395,1.15
6890,4.05
37769,4.5
37591,2.5
41190,4.55
38279,0.95
22555,1.3
3425,4
65717,1.55
53439,4.6
81723,1.7
70406,2.95
30395,2.1
84758,0.5
69550,4.5
81546,1.05
76087,2.95
15392,0.15
60577,0.5
36841,1.8
9692,3.7
33305,4
515,0.55
42594,0.85
64667,1.5
45081,3.85
48383,3.45
64189,0.85
44620,3.4
27152,3.8
36561,2.4
30624,0.15
61563,0.25
79209,3.35
40491,2.3
52163,4.75
63765,3.8
71158,4.8
52738,4.65
1802,1.1
82393,0.1
10406,3.9
2440,1.05
56356,4
34057,1.5
25425,2.3
69083,4.25
3558,4.15
52734,0.8
31004,4.95
89,1.6
32245,2.45
30647,4.1
40496,4.25
61488,4.9
83593,4.75
5758,4.45
17959,4.25
73992,1.75
64857,4.45
34439,1.8
26026,3.05
81471,0.15
78497,1.6
19092,4.55
2343,3.8
64436,0.1
600,4.45
21213,1.65
54463,1.35
61018,4.85
67995,1.7
3561,1.2
79985,4.8
4412,2.1
59289,4.95
41870,0.4
76480,2.5
14002,3.05
24917,1.5
75326,3.05
23737,0.1
74635,2.45
54298,4.1
71878,1.95
30153,2.5
77671,2
78663,3.8
33029,2.95
72943,3.9
61742,0.55
56425,4.1
36881,2.8
42716,4.9
58501,4.5
25886,4.2
55893,1.15
26526,4.75
12977,0.95
51111,0.05
18481,1.15
9080,2.4
52544,4.3
65711,3.4
54561,2.65
34128,0.15
62608,1.2
33228,2.5
41234,3
16534,4.45
36141,1.85
363,3
75334,0.55
74952,2.25
35255,3.9
23289,2.15
73067,0.5
33049,3.15
41672,0.9
14666,2.9
54282,1.4
64919,3.55
32762,2.25
39700,1.8
78535,4.7
74784,3.75
48577,0.65
20149,0.05
59152,3.1
2639,0.75
76500,3.55
4821,0.25
1217,0.5
77642,4.9
58038,1.2
80006,4.85
24727,1.9
56630,1.6
52286,3.3
53714,4.65
40013,3.75
6969,2.8
73454,2.95
36280,1.65
2028,2.05
76995,4.1
8607,1.8
74191,1.35
40072,0.4
20840,2.25
60877,0.1
69838,3
30882,1.7
55617,0.55
2486,3.9
55718,0.7
52691,3.15
6975,1.75
26614,1.75
64669,1.25
3528,1.9
41039,2.25
21388,3
8340,1.9
44090,2.1
44440,4.75
38703,3.25
78783,1.2
70911,0.35
68614,2.3
73100,0
47024,3.5
38041,3.4
59456,3.05
19182,1.35
6458,3
3933,2.4
11012,1.15
50700,0.75
58659,1.4
3822,3.6
45820,2.95
67182,2.8
79011,2.55
34717,2.7
13509,4.9
26630,0.15
13131,4.5
62002,1.35
65947,2.6
37697,3.6
50482,4.1
8112,0.95
9533,1.3
80514,3.25
39605,3.35
42446,3.05
31710,3.75
71424,3.25
34742,1.85
73351,0.65
15236,2.3
8461,5
44149,1.8
3038,4.4
44882,3.2
56385,1.55
55621,4.8
38601,2.8
4419,2.55
13470,2.55
54351,2.3
34987,3.05
83296,0.85
50064,2.75
22496,0.75
26016,3.35
65092,4.35
33380,4.95
24769,3.1
17744,3.85
63298,3.95
43066,0.7
81617,4.9
28605,0.7
50473,2.55
30914,2.7
18466,1.45
74384,4.15
53315,4.95
20989,4.6
61991,4.6
6381,3.25
53276,4.8
13608,1.75
67797,4.45
28045,1.45
58834,1.8
12980,0.95
78146,4
35467,4.4
56012,2.75
55508,1
48364,0.45
32533,2.05
14365,1.25
17719,2.8
62388,4.35
42567,3.85
17069,0.15
23788,1.6
61507,3.7
31090,4.45
64862,3.55
79450,2.25
85061,1.1
35047,3.6
11266,4.5
42888,2.3
67299,1.3
33323,4.5
54696,4.1
53887,3.95
22457,0.35
60541,2
38559,0.55
84578,4
31294,1.75
11075,4.15
32035,0.15
7836,4.95
67071,1.1
20289,3.2
9276,3.85
33518,0.2
44801,3.9
41983,2.3
2734,1.25
44714,2.4
81816,3.25
6965,2.2
80141,0.95
83793,2.7
33430,5
79834,1.95
58884,1.75
76559,4.4
28040,2.2
35150,1.65
16291,3.2
28647,0.35
69169,0.6
57157,2.7
74261,3.4
49008,3.1
52794,1.6
17810,0.65
75237,4.2
16732,1.7
16122,1.15
58111,2.3
57115,4.45
58842,2.25
5754,3.75
69254,2.95
63930,3.55
4695,4.25
